Respondent_ID,Valid_Record,Consent,A1,A2,A3,A4,A5,A6,A7,A8,A9,A10,CHD1,CHD2,CHD3,CHD4,CHD5,CHD6,CHD7,CHD8,CHD9,CHD10,AIA1,AIA2,AIA3,AIA4,AIA5,AIA6,AIA7,AIA8,PAC1,PAC2,PAC3,PAC4,PAC5,PAC6,PAC7,PAC8,MLU1,MLU2,MLU3,MLU4,MLU5,MLU6,MLU7,MLU8,MLU9,RSO1,RSO2,RSO3,RSO4,RSO5,RSO6,RSO7,RSO8,CRE1,CRE2,CRE3,CRE4,CRE5,CRE6,IMP1,IMP2,IMP3,IMP4,IMP5,IMP6,IMP7,IMP8,CHD_Mean,AIA_Mean,PAC_Mean,MLU_Mean,RSO_Mean,CRE_Mean,IMP_Mean
R001,No,No,Male,18-24,Master's,Commercial bank,Customer Experience/Service,2-5,Yes,4,Yes,Yes,3.0,4.0,5.0,5.0,4.0,3.0,3.0,4.0,4.0,4.0,3.0,1.0,2.0,3.0,3.0,2.0,2.0,2.0,3.0,3.0,2.0,2.0,2.0,3.0,2.0,2.0,1.0,1.0,1.0,1.0,1.0,1.0,2.0,1.0,2.0,1.0,1.0,2.0,1.0,2.0,2.0,1.0,1.0,4.0,4.0,3.0,4.0,2.0,4.0,3.0,3.0,4.0,3.0,5.0,5.0,4.0,4.0,3.9,2.25,2.375,1.2222222222222223,1.375,3.5,3.875
R002,No,No,Male,35-44,Master's,Commercial bank,Risk/Compliance,11-15,Yes,0,No,Yes,2.0,2.0,3.0,2.0,2.0,3.0,1.0,,2.0,2.0,2.0,1.0,2.0,1.0,,2.0,2.0,2.0,1.0,1.0,2.0,2.0,1.0,2.0,2.0,2.0,3.0,2.0,2.0,2.0,3.0,3.0,2.0,2.0,4.0,2.0,1.0,2.0,2.0,3.0,2.0,2.0,2.0,3.0,3.0,2.0,3.0,3.0,,5.0,4.0,5.0,4.0,5.0,3.0,5.0,4.0,2.111111111111111,1.7142857142857142,1.625,2.5555555555555554,2.0,2.8,4.375
R003,No,No,Female,35-44,Bachelor/HND,Fintech/payment provider,Customer Experience/Service,6-10,Yes,3,Yes,Yes,2.0,1.0,3.0,1.0,3.0,2.0,3.0,4.0,2.0,4.0,3.0,3.0,3.0,2.0,2.0,3.0,2.0,2.0,3.0,3.0,2.0,3.0,2.0,3.0,,3.0,3.0,3.0,5.0,3.0,4.0,3.0,4.0,3.0,3.0,3.0,2.0,2.0,2.0,3.0,4.0,2.0,2.0,2.0,2.0,1.0,3.0,3.0,3.0,1.0,3.0,2.0,2.0,,2.0,4.0,2.0,2.5,2.5,2.7142857142857144,3.4444444444444446,2.5,2.3333333333333335,2.2857142857142856
R004,No,No,Male,35-44,Bachelor/HND,Commercial bank,Relationship/Marketing,2-5,Yes,1,No,Yes,3.0,3.0,4.0,4.0,3.0,4.0,3.0,4.0,4.0,4.0,4.0,5.0,5.0,3.0,4.0,4.0,5.0,4.0,3.0,3.0,4.0,4.0,4.0,4.0,5.0,3.0,3.0,4.0,5.0,4.0,3.0,3.0,4.0,4.0,4.0,3.0,2.0,4.0,3.0,4.0,3.0,3.0,3.0,3.0,2.0,2.0,2.0,4.0,4.0,3.0,2.0,,3.0,3.0,2.0,2.0,2.0,3.6,4.25,3.75,3.7777777777777777,3.125,2.8333333333333335,2.4285714285714284
R005,No,No,Male,25-34,Bachelor/HND,Microfinance bank,Risk/Compliance,6-10,Yes,0,Do not know,Yes,4.0,3.0,4.0,3.0,3.0,3.0,4.0,3.0,4.0,2.0,2.0,3.0,2.0,2.0,1.0,3.0,2.0,1.0,,2.0,2.0,3.0,3.0,3.0,3.0,2.0,3.0,3.0,3.0,3.0,3.0,3.0,3.0,2.0,3.0,4.0,2.0,2.0,1.0,5.0,3.0,3.0,2.0,2.0,2.0,3.0,3.0,2.0,4.0,4.0,3.0,5.0,3.0,4.0,5.0,4.0,3.0,3.3,2.0,2.5714285714285716,2.888888888888889,2.75,2.6666666666666665,3.875
R006,No,Yes,Female,25-34,Bachelor/HND,Insurance/investment/other licensed financial institution,Risk/Compliance,2-5,Yes,3,Yes,No,4.0,3.0,3.0,2.0,2.0,4.0,2.0,3.0,3.0,3.0,4.0,4.0,4.0,4.0,4.0,4.0,5.0,4.0,2.0,4.0,2.0,4.0,3.0,3.0,4.0,3.0,4.0,4.0,3.0,3.0,5.0,4.0,3.0,3.0,5.0,5.0,2.0,3.0,3.0,3.0,3.0,3.0,3.0,4.0,3.0,4.0,4.0,,3.0,3.0,2.0,3.0,3.0,2.0,3.0,2.0,3.0,2.9,4.125,3.125,3.7777777777777777,3.125,3.6,2.625
R007,No,Yes,Female,35-44,Bachelor/HND,Digital bank/neobank,Relationship/Marketing,2-5,Yes,0,Yes,No,3.0,3.0,3.0,3.0,4.0,4.0,4.0,3.0,5.0,4.0,4.0,3.0,4.0,3.0,3.0,4.0,5.0,3.0,4.0,4.0,2.0,4.0,3.0,5.0,2.0,4.0,4.0,2.0,3.0,3.0,4.0,2.0,2.0,3.0,3.0,5.0,3.0,4.0,5.0,4.0,4.0,3.0,3.0,3.0,3.0,2.0,3.0,2.0,3.0,3.0,3.0,2.0,2.0,3.0,2.0,4.0,1.0,3.6,3.625,3.5,2.888888888888889,3.875,2.6666666666666665,2.5
R008,No,Yes,Female,25-34,Bachelor/HND,Digital bank/neobank,Relationship/Marketing,6-10,Yes,3,No,No,3.0,2.0,3.0,3.0,3.0,3.0,3.0,2.0,3.0,4.0,3.0,3.0,3.0,3.0,3.0,4.0,3.0,3.0,3.0,4.0,3.0,3.0,3.0,4.0,4.0,4.0,4.0,3.0,5.0,3.0,,4.0,5.0,4.0,4.0,4.0,3.0,4.0,4.0,4.0,3.0,4.0,4.0,4.0,3.0,4.0,5.0,4.0,3.0,3.0,3.0,4.0,2.0,3.0,4.0,3.0,3.0,2.9,3.125,3.5,4.0,3.75,3.8333333333333335,3.125
R009,Yes,Yes,Male,25-34,Master's,Microfinance bank,Relationship/Marketing,6-10,Yes,2,Yes,Yes,2.0,3.0,2.0,1.0,1.0,3.0,2.0,1.0,3.0,2.0,4.0,3.0,4.0,3.0,3.0,3.0,3.0,3.0,3.0,4.0,3.0,4.0,4.0,2.0,3.0,3.0,4.0,3.0,4.0,4.0,3.0,4.0,4.0,3.0,5.0,4.0,4.0,3.0,3.0,5.0,4.0,3.0,3.0,2.0,3.0,2.0,3.0,2.0,1.0,4.0,4.0,4.0,4.0,4.0,4.0,4.0,2.0,2.0,3.25,3.25,3.7777777777777777,3.625,2.1666666666666665,3.75
R010,Yes,Yes,Prefer not to say,18-24,Master's,Commercial bank,IT/Technology,2-5,Yes,3,No,Yes,4.0,3.0,4.0,3.0,3.0,4.0,3.0,3.0,3.0,3.0,3.0,3.0,3.0,4.0,3.0,3.0,4.0,2.0,3.0,3.0,3.0,3.0,2.0,3.0,3.0,2.0,4.0,3.0,4.0,2.0,3.0,3.0,4.0,3.0,3.0,3.0,3.0,3.0,3.0,4.0,,3.0,2.0,4.0,5.0,4.0,4.0,5.0,3.0,3.0,3.0,3.0,3.0,4.0,3.0,5.0,3.0,3.3,3.125,2.75,3.2222222222222223,3.0,4.166666666666667,3.375
R011,Yes,Yes,Female,25-34,Other,Commercial bank,Customer Experience/Service,Less than 2,Yes,1,No,Yes,2.0,4.0,4.0,3.0,3.0,4.0,2.0,4.0,4.0,3.0,3.0,2.0,4.0,1.0,4.0,2.0,3.0,3.0,2.0,5.0,3.0,4.0,2.0,3.0,4.0,3.0,3.0,2.0,3.0,1.0,2.0,1.0,2.0,2.0,2.0,4.0,4.0,4.0,3.0,5.0,3.0,3.0,4.0,4.0,4.0,3.0,5.0,4.0,3.0,3.0,4.0,4.0,2.0,3.0,2.0,2.0,2.0,3.3,2.75,3.25,2.0,3.75,3.8333333333333335,2.75
R012,Yes,Yes,Female,45-54,Bachelor/HND,Fintech/payment provider,Customer Experience/Service,Less than 2,Yes,2,Yes,Yes,2.0,2.0,2.0,3.0,3.0,4.0,2.0,2.0,2.0,4.0,4.0,3.0,4.0,4.0,4.0,3.0,3.0,3.0,4.0,4.0,3.0,5.0,3.0,5.0,3.0,4.0,4.0,2.0,3.0,,4.0,4.0,3.0,3.0,3.0,,3.0,3.0,4.0,5.0,4.0,4.0,4.0,4.0,4.0,4.0,4.0,3.0,3.0,5.0,3.0,4.0,3.0,4.0,4.0,4.0,4.0,2.6,3.5,3.875,3.25,3.857142857142857,3.6666666666666665,3.875
R013,Yes,Yes,Male,35-44,Master's,Insurance/investment/other licensed financial institution,Data/Analytics/AI,11-15,Yes,4,Yes,Yes,3.0,3.0,3.0,1.0,3.0,3.0,2.0,2.0,3.0,2.0,2.0,2.0,1.0,1.0,1.0,1.0,1.0,,2.0,2.0,1.0,3.0,2.0,1.0,2.0,2.0,1.0,3.0,4.0,3.0,4.0,3.0,4.0,3.0,3.0,3.0,2.0,3.0,3.0,3.0,3.0,2.0,2.0,4.0,4.0,2.0,4.0,3.0,3.0,2.0,1.0,3.0,3.0,,2.0,3.0,3.0,2.5,1.2857142857142858,1.875,3.111111111111111,2.625,3.3333333333333335,2.4285714285714284
R014,Yes,Yes,Male,18-24,Diploma/OND/NCE,Commercial bank,Digital Banking/Product,6-10,Yes,4,Yes,Yes,3.0,3.0,4.0,2.0,3.0,2.0,3.0,3.0,4.0,3.0,4.0,3.0,4.0,3.0,4.0,4.0,4.0,4.0,4.0,5.0,5.0,5.0,5.0,5.0,5.0,5.0,3.0,2.0,2.0,2.0,4.0,2.0,2.0,2.0,3.0,3.0,4.0,4.0,4.0,5.0,4.0,4.0,4.0,4.0,5.0,5.0,,4.0,4.0,5.0,5.0,3.0,4.0,5.0,5.0,5.0,4.0,3.0,3.75,4.875,2.4444444444444446,4.0,4.4,4.5
R015,Yes,Yes,Male,35-44,Bachelor/HND,Commercial bank,Customer Experience/Service,6-10,Yes,2,Yes,Yes,2.0,2.0,3.0,1.0,1.0,1.0,1.0,2.0,3.0,1.0,4.0,4.0,4.0,4.0,3.0,4.0,4.0,3.0,4.0,3.0,4.0,4.0,,5.0,3.0,5.0,4.0,3.0,3.0,3.0,4.0,3.0,4.0,4.0,3.0,4.0,2.0,4.0,2.0,4.0,3.0,4.0,3.0,2.0,2.0,1.0,2.0,3.0,2.0,1.0,1.0,2.0,,2.0,2.0,2.0,1.0,1.7,3.75,4.0,3.4444444444444446,3.25,2.0,1.5714285714285714
R016,Yes,Yes,Prefer not to say,25-34,Bachelor/HND,Microfinance bank,Customer Experience/Service,6-10,Yes,2,Yes,Yes,3.0,4.0,4.0,3.0,4.0,4.0,2.0,3.0,,4.0,4.0,1.0,3.0,3.0,2.0,3.0,3.0,3.0,3.0,3.0,2.0,2.0,3.0,3.0,2.0,3.0,,3.0,4.0,2.0,5.0,3.0,4.0,2.0,4.0,4.0,4.0,4.0,,4.0,2.0,3.0,3.0,4.0,4.0,4.0,5.0,4.0,3.0,4.0,3.0,5.0,4.0,4.0,4.0,4.0,3.0,3.4444444444444446,2.75,2.625,3.375,3.4285714285714284,4.0,3.875
R017,Yes,Yes,Male,25-34,Master's,Insurance/investment/other licensed financial institution,IT/Technology,2-5,Yes,0,No,Yes,2.0,1.0,3.0,2.0,1.0,3.0,2.0,2.0,3.0,2.0,1.0,1.0,1.0,1.0,1.0,1.0,1.0,1.0,1.0,,1.0,2.0,1.0,1.0,1.0,1.0,2.0,1.0,2.0,1.0,1.0,1.0,2.0,1.0,2.0,2.0,1.0,3.0,1.0,1.0,1.0,2.0,1.0,,2.0,3.0,4.0,3.0,2.0,2.0,3.0,3.0,2.0,3.0,2.0,3.0,,2.1,1.0,1.1428571428571428,1.4444444444444444,1.5,2.8,2.5714285714285716
R018,Yes,Yes,Male,35-44,Bachelor/HND,Fintech/payment provider,Relationship/Marketing,2-5,Yes,1,Do not know,Yes,2.0,3.0,2.0,1.0,2.0,3.0,2.0,3.0,3.0,2.0,4.0,3.0,5.0,3.0,3.0,4.0,3.0,3.0,3.0,3.0,1.0,4.0,2.0,3.0,3.0,1.0,4.0,3.0,3.0,3.0,3.0,3.0,3.0,3.0,3.0,2.0,2.0,1.0,1.0,3.0,2.0,2.0,2.0,4.0,3.0,1.0,3.0,3.0,3.0,1.0,1.0,2.0,1.0,2.0,2.0,3.0,2.0,2.3,3.5,2.5,3.111111111111111,1.875,2.8333333333333335,1.75
R019,Yes,Yes,Male,18-24,Bachelor/HND,Insurance/investment/other licensed financial institution,Customer Experience/Service,Less than 2,Yes,4,Yes,Yes,4.0,4.0,4.0,3.0,4.0,3.0,3.0,3.0,5.0,5.0,4.0,3.0,,3.0,3.0,4.0,4.0,4.0,3.0,3.0,3.0,4.0,3.0,3.0,2.0,3.0,4.0,3.0,3.0,4.0,3.0,2.0,5.0,2.0,3.0,,3.0,4.0,3.0,3.0,4.0,3.0,3.0,3.0,5.0,2.0,3.0,2.0,3.0,4.0,2.0,2.0,3.0,3.0,3.0,3.0,2.0,3.8,3.5714285714285716,3.0,3.2222222222222223,3.2857142857142856,3.0,2.75
R020,Yes,Yes,Male,55 or above,Bachelor/HND,Microfinance bank,Digital Banking/Product,6-10,Yes,2,Yes,Yes,4.0,4.0,5.0,3.0,3.0,4.0,3.0,4.0,3.0,4.0,3.0,2.0,1.0,2.0,1.0,2.0,1.0,1.0,2.0,2.0,2.0,,3.0,2.0,2.0,2.0,3.0,2.0,3.0,3.0,3.0,,2.0,3.0,4.0,4.0,2.0,3.0,2.0,2.0,1.0,3.0,1.0,4.0,3.0,3.0,4.0,,4.0,3.0,3.0,3.0,4.0,4.0,3.0,3.0,2.0,3.7,1.625,2.142857142857143,2.875,2.25,3.6,3.125
R021,Yes,Yes,Male,25-34,Bachelor/HND,Merchant bank,Digital Banking/Product,11-15,Yes,3,Yes,Yes,4.0,2.0,4.0,2.0,4.0,4.0,3.0,4.0,3.0,3.0,5.0,4.0,4.0,3.0,3.0,5.0,4.0,3.0,3.0,,3.0,3.0,2.0,3.0,2.0,4.0,5.0,4.0,5.0,4.0,4.0,5.0,4.0,5.0,4.0,4.0,4.0,4.0,4.0,4.0,5.0,3.0,3.0,4.0,5.0,3.0,3.0,4.0,3.0,4.0,3.0,5.0,3.0,4.0,5.0,5.0,4.0,3.3,3.875,2.857142857142857,4.444444444444445,3.875,3.6666666666666665,4.125
R022,Yes,Yes,Female,35-44,Bachelor/HND,Commercial bank,Risk/Compliance,6-10,Yes,3,Yes,Yes,4.0,3.0,3.0,3.0,3.0,3.0,2.0,3.0,3.0,2.0,4.0,3.0,3.0,3.0,2.0,3.0,3.0,3.0,3.0,3.0,3.0,3.0,3.0,3.0,3.0,2.0,3.0,3.0,2.0,3.0,3.0,1.0,2.0,2.0,1.0,3.0,2.0,3.0,2.0,2.0,3.0,3.0,2.0,3.0,4.0,2.0,3.0,3.0,3.0,3.0,3.0,3.0,2.0,4.0,4.0,4.0,2.0,2.9,3.0,2.875,2.2222222222222223,2.5,3.0,3.125
R023,Yes,Yes,Female,25-34,Master's,Commercial bank,Digital Banking/Product,Less than 2,Yes,0,No,Yes,2.0,2.0,3.0,2.0,2.0,2.0,2.0,1.0,3.0,2.0,3.0,3.0,2.0,2.0,2.0,2.0,2.0,3.0,5.0,2.0,4.0,3.0,4.0,3.0,2.0,2.0,3.0,2.0,2.0,3.0,2.0,2.0,3.0,2.0,3.0,3.0,2.0,2.0,4.0,4.0,2.0,4.0,2.0,1.0,,1.0,3.0,1.0,1.0,4.0,2.0,4.0,3.0,4.0,3.0,4.0,4.0,2.1,2.375,3.125,2.4444444444444446,2.875,1.4,3.5
R024,Yes,Yes,Male,35-44,Master's,Fintech/payment provider,Other,2-5,Yes,1,Do not know,Yes,4.0,3.0,5.0,3.0,3.0,4.0,4.0,4.0,5.0,4.0,3.0,1.0,3.0,1.0,2.0,3.0,2.0,1.0,3.0,3.0,1.0,3.0,3.0,4.0,2.0,3.0,4.0,2.0,3.0,3.0,2.0,3.0,2.0,3.0,1.0,2.0,,2.0,2.0,2.0,1.0,2.0,2.0,2.0,3.0,2.0,3.0,3.0,2.0,3.0,3.0,3.0,3.0,4.0,3.0,4.0,3.0,3.9,2.0,2.75,2.5555555555555554,1.8571428571428572,2.5,3.25
R025,Yes,Yes,Male,25-34,Master's,Commercial bank,Digital Banking/Product,6-10,Yes,1,Yes,Yes,,1.0,2.0,2.0,2.0,2.0,2.0,2.0,3.0,2.0,3.0,3.0,3.0,2.0,3.0,3.0,3.0,2.0,2.0,2.0,2.0,3.0,3.0,3.0,2.0,3.0,3.0,3.0,3.0,3.0,4.0,2.0,3.0,2.0,3.0,4.0,2.0,2.0,3.0,3.0,2.0,3.0,1.0,3.0,2.0,1.0,2.0,3.0,1.0,2.0,2.0,3.0,3.0,3.0,2.0,2.0,3.0,2.0,2.75,2.5,2.888888888888889,2.5,2.0,2.5
R026,Yes,Yes,Female,25-34,Bachelor/HND,Digital bank/neobank,Management/Strategy,Less than 2,Yes,3,Yes,Yes,4.0,2.0,2.0,3.0,3.0,3.0,2.0,3.0,2.0,3.0,4.0,5.0,5.0,4.0,4.0,5.0,3.0,3.0,5.0,4.0,5.0,5.0,4.0,5.0,5.0,3.0,1.0,2.0,1.0,2.0,3.0,1.0,3.0,1.0,3.0,5.0,4.0,4.0,5.0,5.0,4.0,3.0,5.0,3.0,4.0,5.0,5.0,4.0,3.0,3.0,4.0,4.0,4.0,2.0,3.0,4.0,3.0,2.7,4.125,4.5,1.8888888888888888,4.375,4.0,3.375
R027,Yes,Yes,Female,35-44,Master's,Digital bank/neobank,Digital Banking/Product,11-15,Yes,3,No,Yes,5.0,4.0,5.0,4.0,4.0,4.0,3.0,3.0,5.0,3.0,2.0,1.0,2.0,1.0,1.0,3.0,1.0,2.0,2.0,2.0,,3.0,2.0,2.0,4.0,2.0,3.0,3.0,2.0,2.0,3.0,3.0,3.0,2.0,3.0,1.0,2.0,2.0,2.0,2.0,2.0,2.0,2.0,2.0,4.0,4.0,5.0,3.0,3.0,3.0,2.0,4.0,3.0,5.0,3.0,2.0,3.0,4.0,1.625,2.4285714285714284,2.6666666666666665,1.875,3.5,3.125
R028,Yes,Yes,Female,25-34,Master's,Digital bank/neobank,Digital Banking/Product,2-5,Yes,1,No,Yes,4.0,3.0,4.0,4.0,4.0,4.0,3.0,3.0,4.0,2.0,3.0,2.0,4.0,2.0,3.0,2.0,2.0,3.0,1.0,2.0,2.0,3.0,2.0,3.0,1.0,1.0,3.0,1.0,2.0,1.0,3.0,3.0,2.0,2.0,2.0,4.0,2.0,3.0,3.0,4.0,3.0,2.0,3.0,4.0,4.0,3.0,4.0,3.0,3.0,2.0,1.0,4.0,,,2.0,2.0,3.0,3.5,2.625,1.875,2.111111111111111,3.0,3.5,
R029,Yes,Yes,Male,25-34,Bachelor/HND,Fintech/payment provider,Digital Banking/Product,2-5,Yes,1,No,Yes,4.0,2.0,4.0,3.0,2.0,2.0,3.0,2.0,4.0,2.0,3.0,2.0,3.0,2.0,2.0,4.0,3.0,3.0,5.0,5.0,4.0,5.0,3.0,4.0,5.0,4.0,4.0,2.0,3.0,3.0,4.0,3.0,3.0,2.0,4.0,3.0,3.0,3.0,3.0,3.0,4.0,3.0,3.0,2.0,3.0,,4.0,3.0,2.0,5.0,3.0,5.0,4.0,4.0,4.0,5.0,3.0,2.8,2.75,4.375,3.111111111111111,3.125,2.8,4.125
R030,Yes,Yes,Male,18-24,Bachelor/HND,Fintech/payment provider,Customer Experience/Service,2-5,Yes,2,Yes,Yes,2.0,3.0,3.0,3.0,4.0,3.0,2.0,3.0,3.0,4.0,3.0,3.0,4.0,2.0,3.0,3.0,3.0,3.0,,2.0,3.0,,3.0,4.0,3.0,3.0,3.0,3.0,2.0,3.0,3.0,3.0,3.0,2.0,3.0,4.0,3.0,4.0,3.0,4.0,3.0,3.0,2.0,4.0,4.0,3.0,5.0,3.0,3.0,2.0,2.0,3.0,2.0,2.0,2.0,3.0,2.0,3.0,3.0,,2.7777777777777777,3.25,3.6666666666666665,2.25
R031,Yes,Yes,Male,35-44,Bachelor/HND,Fintech/payment provider,IT/Technology,Less than 2,Yes,2,Yes,Yes,2.0,1.0,2.0,1.0,,2.0,1.0,2.0,1.0,2.0,3.0,2.0,3.0,3.0,3.0,3.0,4.0,4.0,1.0,3.0,2.0,4.0,3.0,4.0,3.0,3.0,4.0,4.0,,3.0,3.0,4.0,2.0,3.0,4.0,2.0,2.0,2.0,3.0,3.0,3.0,3.0,3.0,3.0,3.0,3.0,3.0,4.0,3.0,3.0,2.0,2.0,2.0,2.0,1.0,3.0,2.0,1.5555555555555556,3.125,2.875,3.375,2.625,3.1666666666666665,2.125
R032,Yes,Yes,Female,18-24,Master's,Commercial bank,IT/Technology,11-15,Yes,2,No,Yes,4.0,3.0,4.0,3.0,3.0,5.0,3.0,4.0,5.0,3.0,,2.0,3.0,3.0,3.0,2.0,3.0,3.0,4.0,4.0,2.0,4.0,4.0,4.0,4.0,3.0,3.0,3.0,4.0,3.0,3.0,4.0,4.0,4.0,3.0,4.0,2.0,3.0,2.0,3.0,2.0,3.0,3.0,3.0,3.0,3.0,2.0,3.0,3.0,2.0,2.0,3.0,2.0,2.0,3.0,3.0,2.0,3.7,2.7142857142857144,3.625,3.4444444444444446,2.75,2.8333333333333335,2.375
R033,Yes,Yes,Prefer not to say,35-44,Master's,Microfinance bank,Data/Analytics/AI,6-10,Yes,2,Yes,Yes,2.0,3.0,3.0,2.0,2.0,3.0,2.0,2.0,2.0,2.0,2.0,2.0,4.0,2.0,3.0,3.0,3.0,2.0,3.0,4.0,4.0,3.0,3.0,5.0,4.0,4.0,4.0,2.0,3.0,2.0,3.0,2.0,3.0,2.0,2.0,3.0,2.0,2.0,2.0,3.0,3.0,3.0,3.0,3.0,3.0,2.0,3.0,3.0,4.0,3.0,2.0,3.0,2.0,3.0,2.0,4.0,2.0,2.3,2.625,3.75,2.5555555555555554,2.625,3.0,2.625
R034,Yes,Yes,Male,25-34,Diploma/OND/NCE,Commercial bank,Data/Analytics/AI,6-10,Yes,4,No,Yes,3.0,2.0,2.0,1.0,1.0,2.0,1.0,2.0,1.0,2.0,3.0,1.0,3.0,2.0,3.0,3.0,3.0,4.0,4.0,4.0,2.0,4.0,3.0,3.0,3.0,3.0,3.0,2.0,4.0,2.0,4.0,3.0,2.0,3.0,4.0,3.0,3.0,3.0,3.0,3.0,3.0,3.0,3.0,2.0,3.0,2.0,4.0,3.0,2.0,1.0,1.0,1.0,1.0,2.0,1.0,2.0,1.0,1.7,2.75,3.25,3.0,3.0,2.6666666666666665,1.25
R035,Yes,Yes,Female,25-34,Bachelor/HND,Insurance/investment/other licensed financial institution,Digital Banking/Product,2-5,Yes,1,No,Yes,3.0,3.0,4.0,3.0,2.0,2.0,3.0,3.0,4.0,3.0,2.0,2.0,,,2.0,2.0,2.0,2.0,3.0,4.0,2.0,4.0,4.0,3.0,4.0,2.0,3.0,3.0,2.0,2.0,3.0,2.0,3.0,3.0,,3.0,2.0,3.0,2.0,3.0,2.0,3.0,2.0,2.0,3.0,2.0,,3.0,2.0,2.0,1.0,3.0,1.0,2.0,3.0,2.0,1.0,3.0,,3.25,2.625,2.5,2.4,1.875
R036,Yes,Yes,Female,25-34,Master's,Digital bank/neobank,IT/Technology,2-5,Yes,2,Yes,Yes,3.0,1.0,3.0,2.0,4.0,3.0,2.0,3.0,3.0,3.0,2.0,2.0,3.0,1.0,3.0,2.0,2.0,2.0,2.0,3.0,1.0,2.0,3.0,3.0,2.0,3.0,3.0,3.0,3.0,3.0,4.0,3.0,4.0,3.0,3.0,3.0,2.0,3.0,3.0,3.0,2.0,3.0,3.0,3.0,3.0,3.0,4.0,3.0,3.0,5.0,4.0,5.0,4.0,5.0,4.0,5.0,4.0,2.7,2.125,2.375,3.2222222222222223,2.75,3.1666666666666665,4.5
R037,Yes,Yes,Male,25-34,Bachelor/HND,Microfinance bank,Customer Experience/Service,16 or more,Yes,3,Yes,Yes,3.0,4.0,4.0,4.0,3.0,4.0,3.0,4.0,5.0,2.0,3.0,3.0,4.0,2.0,4.0,4.0,3.0,,3.0,3.0,2.0,4.0,4.0,3.0,3.0,3.0,4.0,4.0,3.0,4.0,3.0,4.0,3.0,3.0,4.0,3.0,3.0,3.0,2.0,4.0,,3.0,3.0,3.0,3.0,3.0,4.0,3.0,3.0,3.0,3.0,4.0,,2.0,3.0,4.0,3.0,3.6,3.2857142857142856,3.125,3.5555555555555554,3.0,3.1666666666666665,3.142857142857143
R038,Yes,Yes,Male,25-34,Diploma/OND/NCE,Fintech/payment provider,IT/Technology,2-5,Yes,1,Yes,Yes,3.0,4.0,4.0,3.0,5.0,4.0,4.0,4.0,5.0,4.0,1.0,2.0,1.0,2.0,2.0,3.0,4.0,2.0,1.0,3.0,2.0,3.0,3.0,2.0,3.0,2.0,3.0,3.0,2.0,2.0,3.0,2.0,2.0,1.0,3.0,2.0,1.0,3.0,1.0,3.0,2.0,1.0,1.0,3.0,3.0,1.0,3.0,2.0,4.0,4.0,,4.0,5.0,5.0,5.0,4.0,3.0,4.0,2.125,2.375,2.3333333333333335,1.75,2.6666666666666665,4.285714285714286
R039,Yes,Yes,Female,25-34,Postgraduate Diploma,Fintech/payment provider,Customer Experience/Service,11-15,Yes,4,Yes,Yes,4.0,4.0,5.0,4.0,4.0,5.0,3.0,4.0,4.0,2.0,4.0,2.0,3.0,1.0,3.0,3.0,3.0,3.0,4.0,4.0,3.0,4.0,3.0,3.0,4.0,4.0,3.0,4.0,,3.0,4.0,3.0,3.0,3.0,3.0,5.0,4.0,4.0,4.0,4.0,4.0,4.0,4.0,2.0,4.0,2.0,4.0,3.0,2.0,3.0,1.0,2.0,3.0,2.0,1.0,4.0,2.0,3.9,2.75,3.625,3.25,4.125,2.8333333333333335,2.25
R040,Yes,Yes,Male,25-34,Bachelor/HND,Commercial bank,Management/Strategy,2-5,Yes,3,Yes,Yes,3.0,2.0,3.0,2.0,3.0,3.0,2.0,3.0,3.0,1.0,5.0,5.0,4.0,3.0,4.0,3.0,5.0,4.0,2.0,4.0,3.0,3.0,4.0,4.0,3.0,3.0,4.0,3.0,3.0,2.0,4.0,4.0,3.0,2.0,4.0,3.0,3.0,3.0,3.0,4.0,3.0,4.0,2.0,2.0,4.0,1.0,3.0,3.0,1.0,3.0,2.0,2.0,2.0,3.0,2.0,2.0,1.0,2.5,4.125,3.25,3.2222222222222223,3.125,2.3333333333333335,2.125
R041,Yes,Yes,Male,45-54,Diploma/OND/NCE,Insurance/investment/other licensed financial institution,Management/Strategy,6-10,Yes,0,Yes,Yes,1.0,1.0,2.0,2.0,2.0,2.0,1.0,2.0,3.0,1.0,5.0,,5.0,3.0,2.0,3.0,3.0,3.0,3.0,3.0,3.0,4.0,3.0,3.0,3.0,3.0,3.0,3.0,5.0,4.0,4.0,4.0,3.0,3.0,3.0,,3.0,3.0,2.0,3.0,2.0,3.0,1.0,5.0,3.0,3.0,4.0,3.0,3.0,4.0,3.0,4.0,4.0,3.0,4.0,5.0,3.0,1.7,3.4285714285714284,3.125,3.5555555555555554,2.4285714285714284,3.5,3.75
R042,Yes,Yes,Female,45-54,Diploma/OND/NCE,Fintech/payment provider,Digital Banking/Product,2-5,Yes,3,Yes,Yes,2.0,2.0,3.0,1.0,2.0,1.0,1.0,2.0,1.0,2.0,3.0,3.0,3.0,2.0,3.0,2.0,3.0,2.0,2.0,3.0,3.0,4.0,2.0,3.0,3.0,2.0,4.0,3.0,4.0,3.0,4.0,4.0,3.0,2.0,3.0,3.0,4.0,4.0,4.0,4.0,3.0,4.0,4.0,3.0,4.0,3.0,,3.0,3.0,3.0,2.0,3.0,2.0,2.0,,3.0,3.0,1.7,2.625,2.75,3.3333333333333335,3.75,3.2,2.5714285714285716
R043,Yes,Yes,Male,25-34,Master's,Digital bank/neobank,IT/Technology,Less than 2,Yes,2,Yes,Yes,3.0,2.0,3.0,3.0,,2.0,3.0,4.0,3.0,2.0,3.0,4.0,4.0,4.0,3.0,3.0,3.0,3.0,3.0,3.0,3.0,3.0,3.0,3.0,4.0,3.0,3.0,5.0,3.0,2.0,4.0,3.0,4.0,2.0,4.0,4.0,3.0,3.0,3.0,3.0,3.0,5.0,2.0,4.0,3.0,3.0,3.0,4.0,2.0,3.0,3.0,4.0,2.0,3.0,4.0,3.0,3.0,2.7777777777777777,3.375,3.125,3.3333333333333335,3.25,3.1666666666666665,3.125
R044,Yes,Yes,Female,35-44,Diploma/OND/NCE,Fintech/payment provider,Digital Banking/Product,11-15,Yes,2,No,Yes,3.0,4.0,,2.0,3.0,3.0,2.0,4.0,5.0,4.0,2.0,2.0,3.0,2.0,2.0,3.0,3.0,2.0,2.0,3.0,1.0,2.0,2.0,2.0,1.0,3.0,4.0,4.0,4.0,4.0,4.0,3.0,3.0,3.0,4.0,2.0,3.0,3.0,2.0,3.0,3.0,3.0,3.0,3.0,3.0,2.0,4.0,4.0,3.0,2.0,2.0,3.0,2.0,1.0,2.0,3.0,2.0,3.3333333333333335,2.375,2.0,3.6666666666666665,2.75,3.1666666666666665,2.125
R045,Yes,Yes,Male,25-34,Doctorate,Digital bank/neobank,Other,2-5,Yes,3,Yes,Yes,4.0,2.0,5.0,3.0,3.0,3.0,3.0,5.0,,4.0,2.0,4.0,4.0,4.0,3.0,4.0,2.0,4.0,4.0,5.0,4.0,5.0,3.0,5.0,3.0,4.0,4.0,3.0,3.0,4.0,5.0,4.0,4.0,4.0,4.0,3.0,3.0,4.0,4.0,5.0,4.0,5.0,4.0,4.0,4.0,4.0,3.0,3.0,3.0,3.0,3.0,4.0,3.0,4.0,2.0,5.0,3.0,3.5555555555555554,3.375,4.125,3.888888888888889,4.0,3.5,3.375
R046,Yes,Yes,Male,35-44,Bachelor/HND,Commercial bank,IT/Technology,Less than 2,Yes,3,Yes,Yes,2.0,2.0,3.0,3.0,2.0,2.0,4.0,2.0,2.0,1.0,4.0,,4.0,3.0,3.0,3.0,4.0,3.0,3.0,4.0,5.0,5.0,3.0,5.0,5.0,2.0,4.0,4.0,5.0,3.0,5.0,4.0,4.0,3.0,3.0,4.0,4.0,5.0,5.0,3.0,5.0,5.0,4.0,3.0,3.0,3.0,4.0,4.0,5.0,3.0,2.0,3.0,2.0,3.0,3.0,3.0,3.0,2.3,3.4285714285714284,4.0,3.888888888888889,4.375,3.6666666666666665,2.75
R047,Yes,Yes,Male,45-54,Master's,Commercial bank,Digital Banking/Product,2-5,Yes,2,Yes,Yes,5.0,5.0,5.0,5.0,5.0,5.0,5.0,5.0,,4.0,2.0,2.0,2.0,2.0,2.0,3.0,3.0,2.0,1.0,2.0,2.0,1.0,,1.0,1.0,2.0,2.0,2.0,,2.0,2.0,1.0,3.0,2.0,2.0,,2.0,1.0,1.0,2.0,2.0,,2.0,3.0,2.0,1.0,2.0,2.0,1.0,4.0,2.0,3.0,3.0,3.0,3.0,3.0,2.0,4.888888888888889,2.25,1.4285714285714286,2.0,,1.8333333333333333,2.875
R048,Yes,Yes,Male,35-44,Bachelor/HND,Microfinance bank,Data/Analytics/AI,Less than 2,Yes,2,Yes,Yes,3.0,3.0,5.0,4.0,4.0,3.0,4.0,4.0,4.0,4.0,3.0,2.0,4.0,3.0,4.0,4.0,4.0,3.0,3.0,4.0,1.0,5.0,2.0,4.0,4.0,4.0,4.0,2.0,3.0,3.0,4.0,3.0,3.0,3.0,4.0,4.0,4.0,5.0,3.0,4.0,4.0,4.0,3.0,3.0,3.0,2.0,3.0,2.0,3.0,5.0,4.0,3.0,3.0,4.0,4.0,5.0,4.0,3.8,3.375,3.375,3.2222222222222223,3.875,2.6666666666666665,4.0
R049,Yes,Yes,Female,25-34,Bachelor/HND,Fintech/payment provider,Data/Analytics/AI,2-5,Yes,1,No,Yes,3.0,3.0,4.0,3.0,4.0,4.0,2.0,3.0,4.0,4.0,3.0,2.0,2.0,1.0,2.0,2.0,3.0,3.0,2.0,2.0,2.0,3.0,2.0,2.0,2.0,1.0,3.0,2.0,4.0,2.0,4.0,3.0,3.0,2.0,3.0,2.0,1.0,2.0,,3.0,1.0,2.0,1.0,3.0,2.0,3.0,3.0,3.0,3.0,2.0,1.0,3.0,3.0,3.0,2.0,2.0,2.0,3.4,2.25,2.0,2.888888888888889,1.7142857142857142,2.8333333333333335,2.25
R050,Yes,Yes,Female,35-44,Bachelor/HND,Commercial bank,IT/Technology,2-5,Yes,3,Yes,Yes,3.0,2.0,4.0,2.0,4.0,3.0,3.0,3.0,4.0,4.0,3.0,2.0,3.0,2.0,3.0,2.0,3.0,3.0,3.0,4.0,3.0,4.0,3.0,3.0,3.0,2.0,3.0,3.0,3.0,3.0,3.0,3.0,4.0,3.0,3.0,4.0,3.0,4.0,3.0,,3.0,3.0,3.0,4.0,4.0,3.0,3.0,4.0,3.0,2.0,1.0,3.0,3.0,3.0,4.0,4.0,3.0,3.2,2.625,3.125,3.111111111111111,3.2857142857142856,3.5,2.875
R051,Yes,Yes,Male,35-44,Postgraduate Diploma,Digital bank/neobank,Risk/Compliance,Less than 2,Yes,0,Yes,Yes,4.0,4.0,4.0,3.0,3.0,3.0,2.0,4.0,4.0,2.0,4.0,2.0,3.0,2.0,4.0,3.0,4.0,4.0,3.0,,1.0,4.0,2.0,3.0,3.0,3.0,2.0,1.0,2.0,1.0,2.0,1.0,1.0,1.0,1.0,3.0,4.0,3.0,3.0,4.0,2.0,3.0,3.0,3.0,3.0,2.0,3.0,3.0,1.0,2.0,2.0,3.0,4.0,4.0,1.0,3.0,2.0,3.3,3.25,2.7142857142857144,1.3333333333333333,3.125,2.5,2.625
R052,Yes,Yes,Female,35-44,Bachelor/HND,Fintech/payment provider,IT/Technology,Less than 2,Yes,0,No,Yes,3.0,3.0,3.0,3.0,3.0,3.0,4.0,3.0,4.0,3.0,3.0,2.0,2.0,1.0,2.0,2.0,2.0,3.0,2.0,3.0,1.0,2.0,3.0,3.0,3.0,2.0,2.0,2.0,2.0,2.0,4.0,2.0,2.0,1.0,3.0,3.0,2.0,3.0,2.0,5.0,2.0,4.0,2.0,3.0,2.0,3.0,4.0,2.0,3.0,3.0,3.0,3.0,2.0,3.0,3.0,3.0,2.0,3.2,2.125,2.375,2.2222222222222223,2.875,2.8333333333333335,2.75
R053,Yes,Yes,Female,35-44,Other,Fintech/payment provider,Other,2-5,Yes,2,No,Yes,3.0,4.0,4.0,3.0,3.0,5.0,2.0,3.0,5.0,4.0,3.0,2.0,4.0,3.0,4.0,2.0,3.0,2.0,3.0,4.0,4.0,5.0,4.0,5.0,,4.0,2.0,1.0,2.0,1.0,3.0,3.0,3.0,2.0,2.0,3.0,4.0,5.0,3.0,3.0,4.0,5.0,3.0,4.0,4.0,3.0,5.0,5.0,3.0,3.0,3.0,4.0,2.0,4.0,3.0,5.0,4.0,3.6,2.875,4.142857142857143,2.111111111111111,3.75,4.0,3.5
R054,Yes,Yes,Male,35-44,Postgraduate Diploma,Commercial bank,Customer Experience/Service,6-10,Yes,4,Yes,Yes,4.0,3.0,2.0,3.0,3.0,4.0,3.0,3.0,2.0,2.0,3.0,2.0,4.0,1.0,4.0,5.0,4.0,,2.0,3.0,2.0,2.0,2.0,4.0,3.0,3.0,4.0,5.0,3.0,2.0,3.0,4.0,4.0,5.0,5.0,3.0,2.0,3.0,3.0,3.0,4.0,4.0,2.0,5.0,5.0,4.0,5.0,4.0,4.0,2.0,2.0,3.0,2.0,3.0,4.0,3.0,2.0,2.9,3.2857142857142856,2.625,3.888888888888889,3.0,4.5,2.625
R055,Yes,Yes,Male,35-44,Bachelor/HND,Microfinance bank,Relationship/Marketing,6-10,Yes,2,Yes,Yes,3.0,4.0,3.0,3.0,2.0,2.0,2.0,2.0,2.0,1.0,2.0,1.0,3.0,2.0,2.0,2.0,2.0,3.0,2.0,1.0,2.0,3.0,3.0,3.0,4.0,3.0,4.0,3.0,4.0,3.0,4.0,4.0,4.0,4.0,4.0,4.0,3.0,3.0,3.0,,3.0,4.0,3.0,2.0,2.0,2.0,3.0,4.0,3.0,4.0,3.0,4.0,4.0,3.0,4.0,4.0,3.0,2.4,2.125,2.625,3.7777777777777777,3.2857142857142856,2.6666666666666665,3.625
R056,Yes,Yes,Female,25-34,Master's,Commercial bank,Other,2-5,Yes,3,Yes,Yes,5.0,4.0,5.0,4.0,4.0,5.0,3.0,5.0,4.0,4.0,4.0,3.0,5.0,3.0,4.0,5.0,4.0,4.0,4.0,4.0,2.0,4.0,4.0,4.0,3.0,5.0,4.0,4.0,4.0,3.0,4.0,4.0,3.0,3.0,3.0,5.0,3.0,4.0,4.0,5.0,4.0,5.0,4.0,2.0,3.0,2.0,2.0,2.0,3.0,3.0,2.0,3.0,3.0,4.0,4.0,4.0,3.0,4.3,4.0,3.75,3.5555555555555554,4.25,2.3333333333333335,3.25
R057,Yes,Yes,Male,35-44,Diploma/OND/NCE,Commercial bank,Relationship/Marketing,Less than 2,Yes,2,Yes,Yes,3.0,3.0,3.0,3.0,3.0,4.0,3.0,3.0,3.0,2.0,,3.0,4.0,2.0,3.0,3.0,1.0,2.0,3.0,3.0,3.0,4.0,2.0,3.0,2.0,4.0,2.0,1.0,2.0,1.0,2.0,2.0,1.0,1.0,2.0,2.0,2.0,2.0,3.0,2.0,2.0,3.0,2.0,2.0,3.0,2.0,2.0,3.0,3.0,2.0,3.0,3.0,2.0,3.0,4.0,,2.0,3.0,2.5714285714285716,3.0,1.5555555555555556,2.25,2.5,2.7142857142857144
R058,Yes,Yes,Female,55 or above,Bachelor/HND,Commercial bank,Digital Banking/Product,16 or more,Yes,4,Yes,Yes,3.0,3.0,3.0,2.0,1.0,2.0,,3.0,2.0,2.0,2.0,3.0,3.0,3.0,2.0,4.0,4.0,3.0,2.0,4.0,3.0,4.0,2.0,5.0,3.0,3.0,3.0,3.0,3.0,2.0,2.0,3.0,3.0,2.0,3.0,4.0,3.0,3.0,3.0,5.0,3.0,4.0,4.0,4.0,4.0,4.0,4.0,4.0,4.0,4.0,4.0,4.0,3.0,4.0,4.0,5.0,3.0,2.3333333333333335,3.0,3.25,2.6666666666666665,3.625,4.0,3.875
R059,Yes,Yes,Male,25-34,Bachelor/HND,Commercial bank,Data/Analytics/AI,2-5,Yes,4,Yes,Yes,4.0,3.0,4.0,4.0,4.0,3.0,3.0,4.0,5.0,3.0,4.0,2.0,3.0,2.0,4.0,4.0,4.0,4.0,4.0,5.0,5.0,5.0,4.0,4.0,4.0,4.0,3.0,2.0,4.0,2.0,3.0,2.0,2.0,3.0,4.0,5.0,4.0,4.0,4.0,4.0,3.0,5.0,4.0,4.0,5.0,5.0,4.0,5.0,4.0,3.0,2.0,2.0,3.0,3.0,1.0,4.0,3.0,3.7,3.375,4.375,2.7777777777777777,4.125,4.5,2.625
R060,Yes,Yes,Male,45-54,Bachelor/HND,Commercial bank,Digital Banking/Product,6-10,Yes,4,Yes,Yes,3.0,3.0,3.0,5.0,4.0,3.0,4.0,3.0,4.0,4.0,5.0,3.0,5.0,5.0,5.0,5.0,5.0,5.0,5.0,5.0,4.0,5.0,3.0,4.0,4.0,3.0,3.0,3.0,3.0,2.0,3.0,3.0,4.0,4.0,3.0,5.0,4.0,4.0,5.0,4.0,4.0,4.0,4.0,4.0,3.0,2.0,4.0,3.0,4.0,2.0,3.0,4.0,3.0,3.0,4.0,4.0,3.0,3.6,4.75,4.125,3.111111111111111,4.25,3.3333333333333335,3.25
R061,Yes,Yes,Male,25-34,Bachelor/HND,Digital bank/neobank,Data/Analytics/AI,2-5,Yes,1,No,Yes,4.0,3.0,4.0,,3.0,2.0,2.0,3.0,3.0,3.0,4.0,4.0,4.0,2.0,3.0,3.0,,3.0,4.0,3.0,4.0,3.0,3.0,4.0,3.0,4.0,4.0,3.0,3.0,2.0,4.0,4.0,3.0,3.0,4.0,5.0,4.0,5.0,4.0,4.0,4.0,4.0,4.0,2.0,3.0,2.0,3.0,4.0,3.0,3.0,3.0,4.0,2.0,4.0,3.0,2.0,2.0,3.0,3.2857142857142856,3.5,3.3333333333333335,4.25,2.8333333333333335,2.875
R062,Yes,Yes,Female,25-34,Bachelor/HND,Commercial bank,Customer Experience/Service,2-5,Yes,1,Yes,Yes,2.0,3.0,3.0,3.0,2.0,4.0,3.0,3.0,3.0,2.0,1.0,1.0,1.0,1.0,1.0,1.0,1.0,1.0,1.0,1.0,1.0,2.0,1.0,2.0,1.0,1.0,2.0,1.0,1.0,,1.0,2.0,1.0,3.0,1.0,1.0,1.0,1.0,1.0,1.0,1.0,1.0,1.0,3.0,1.0,1.0,1.0,1.0,1.0,4.0,3.0,4.0,4.0,3.0,3.0,4.0,3.0,2.8,1.0,1.25,1.5,1.0,1.3333333333333333,3.5
R063,Yes,Yes,Female,35-44,Bachelor/HND,Microfinance bank,Customer Experience/Service,2-5,Yes,2,Yes,Yes,3.0,2.0,4.0,2.0,2.0,4.0,4.0,4.0,3.0,3.0,3.0,3.0,4.0,3.0,2.0,5.0,4.0,4.0,2.0,3.0,3.0,4.0,3.0,4.0,3.0,3.0,4.0,4.0,3.0,3.0,3.0,3.0,4.0,4.0,4.0,4.0,3.0,3.0,3.0,3.0,4.0,4.0,3.0,2.0,4.0,2.0,4.0,3.0,2.0,2.0,2.0,2.0,3.0,3.0,3.0,,3.0,3.1,3.5,3.125,3.5555555555555554,3.375,2.8333333333333335,2.5714285714285716
R064,Yes,Yes,Male,35-44,Master's,Insurance/investment/other licensed financial institution,Customer Experience/Service,16 or more,Yes,2,Do not know,Yes,1.0,2.0,1.0,1.0,1.0,2.0,2.0,1.0,1.0,1.0,4.0,3.0,3.0,4.0,4.0,4.0,3.0,3.0,2.0,,3.0,4.0,2.0,3.0,4.0,3.0,2.0,3.0,2.0,2.0,3.0,2.0,2.0,2.0,3.0,4.0,2.0,3.0,2.0,4.0,2.0,2.0,3.0,2.0,3.0,2.0,3.0,4.0,2.0,3.0,2.0,3.0,3.0,4.0,3.0,3.0,2.0,1.3,3.5,3.0,2.3333333333333335,2.75,2.6666666666666665,2.875
R065,Yes,Yes,Female,35-44,Diploma/OND/NCE,Commercial bank,IT/Technology,2-5,Yes,1,No,Yes,3.0,3.0,5.0,4.0,4.0,4.0,3.0,4.0,,2.0,3.0,2.0,4.0,2.0,4.0,4.0,3.0,3.0,2.0,3.0,3.0,3.0,4.0,3.0,3.0,3.0,4.0,3.0,3.0,3.0,3.0,2.0,4.0,3.0,3.0,2.0,3.0,3.0,3.0,3.0,3.0,4.0,2.0,2.0,3.0,2.0,2.0,3.0,2.0,5.0,4.0,,4.0,3.0,2.0,4.0,3.0,3.5555555555555554,3.125,3.0,3.111111111111111,2.875,2.3333333333333335,3.5714285714285716
R066,Yes,Yes,Female,35-44,Master's,Fintech/payment provider,IT/Technology,6-10,Yes,1,No,Yes,1.0,2.0,3.0,1.0,1.0,2.0,2.0,2.0,2.0,2.0,5.0,4.0,4.0,3.0,3.0,3.0,3.0,3.0,2.0,3.0,3.0,4.0,2.0,3.0,2.0,3.0,5.0,4.0,4.0,5.0,4.0,4.0,3.0,3.0,3.0,4.0,,4.0,3.0,3.0,3.0,4.0,3.0,2.0,4.0,2.0,4.0,2.0,2.0,2.0,3.0,3.0,3.0,3.0,5.0,4.0,,1.8,3.5,2.75,3.888888888888889,3.4285714285714284,2.6666666666666665,3.2857142857142856
R067,Yes,Yes,Male,45-54,Master's,Commercial bank,Other,6-10,Yes,1,No,Yes,3.0,3.0,4.0,3.0,3.0,3.0,2.0,4.0,,3.0,4.0,3.0,4.0,3.0,4.0,3.0,4.0,4.0,3.0,3.0,3.0,4.0,5.0,3.0,,5.0,2.0,3.0,2.0,3.0,3.0,4.0,2.0,2.0,2.0,3.0,4.0,3.0,3.0,4.0,3.0,3.0,3.0,4.0,4.0,2.0,4.0,3.0,2.0,4.0,3.0,4.0,4.0,4.0,3.0,3.0,3.0,3.111111111111111,3.625,3.7142857142857144,2.5555555555555554,3.25,3.1666666666666665,3.5
R068,Yes,Yes,Male,35-44,Master's,Commercial bank,Customer Experience/Service,6-10,Yes,2,No,Yes,2.0,2.0,3.0,3.0,2.0,3.0,1.0,3.0,2.0,,3.0,3.0,3.0,2.0,2.0,3.0,3.0,3.0,5.0,4.0,4.0,4.0,2.0,3.0,4.0,2.0,3.0,1.0,2.0,1.0,4.0,2.0,3.0,2.0,4.0,2.0,3.0,3.0,2.0,3.0,1.0,3.0,2.0,3.0,3.0,,4.0,3.0,4.0,3.0,1.0,3.0,2.0,3.0,2.0,4.0,1.0,2.3333333333333335,2.75,3.5,2.4444444444444446,2.375,3.4,2.375
R069,Yes,Yes,Male,18-24,Master's,Commercial bank,Data/Analytics/AI,11-15,Yes,1,Yes,Yes,4.0,3.0,5.0,4.0,3.0,4.0,3.0,5.0,4.0,4.0,4.0,3.0,4.0,3.0,4.0,3.0,3.0,3.0,,,4.0,3.0,4.0,3.0,3.0,2.0,5.0,3.0,4.0,3.0,4.0,4.0,4.0,5.0,4.0,5.0,4.0,2.0,4.0,5.0,2.0,3.0,5.0,3.0,3.0,3.0,3.0,3.0,3.0,2.0,1.0,3.0,2.0,3.0,3.0,3.0,1.0,3.9,3.375,,4.0,3.75,3.0,2.25
R070,Yes,Yes,Male,25-34,Bachelor/HND,Merchant bank,Data/Analytics/AI,6-10,Yes,3,Yes,Yes,3.0,2.0,4.0,2.0,3.0,3.0,2.0,3.0,3.0,2.0,4.0,4.0,4.0,3.0,3.0,4.0,3.0,4.0,3.0,3.0,4.0,5.0,3.0,4.0,3.0,3.0,3.0,3.0,3.0,4.0,3.0,4.0,2.0,2.0,2.0,3.0,3.0,3.0,2.0,4.0,4.0,4.0,4.0,3.0,3.0,2.0,4.0,3.0,2.0,3.0,3.0,4.0,3.0,3.0,3.0,4.0,3.0,2.7,3.625,3.5,2.888888888888889,3.375,2.8333333333333335,3.25
R071,Yes,Yes,Male,25-34,Diploma/OND/NCE,Digital bank/neobank,Data/Analytics/AI,6-10,Yes,4,No,Yes,4.0,3.0,4.0,4.0,5.0,4.0,3.0,4.0,4.0,4.0,4.0,3.0,3.0,3.0,3.0,3.0,3.0,4.0,2.0,4.0,,4.0,4.0,2.0,5.0,3.0,4.0,3.0,2.0,3.0,4.0,,3.0,3.0,2.0,4.0,4.0,3.0,4.0,5.0,4.0,,3.0,4.0,4.0,4.0,4.0,3.0,4.0,3.0,1.0,3.0,4.0,3.0,3.0,4.0,3.0,3.9,3.25,3.4285714285714284,3.0,3.857142857142857,3.8333333333333335,3.0
R072,Yes,Yes,Female,35-44,Master's,Insurance/investment/other licensed financial institution,Data/Analytics/AI,Less than 2,Yes,0,No,Yes,4.0,,5.0,3.0,4.0,4.0,3.0,3.0,3.0,4.0,2.0,2.0,2.0,2.0,2.0,2.0,2.0,,2.0,1.0,1.0,2.0,2.0,2.0,2.0,2.0,4.0,,4.0,4.0,4.0,4.0,4.0,4.0,5.0,2.0,1.0,2.0,1.0,2.0,3.0,2.0,2.0,2.0,,2.0,4.0,2.0,2.0,4.0,4.0,4.0,3.0,4.0,5.0,4.0,3.0,3.6666666666666665,2.0,1.75,4.125,1.875,2.4,3.875
R073,Yes,Yes,Male,35-44,Bachelor/HND,Commercial bank,IT/Technology,6-10,Yes,2,Yes,Yes,3.0,3.0,4.0,2.0,3.0,3.0,3.0,4.0,3.0,3.0,1.0,2.0,,1.0,1.0,,1.0,2.0,1.0,1.0,1.0,2.0,2.0,2.0,2.0,1.0,2.0,1.0,2.0,1.0,3.0,2.0,2.0,1.0,1.0,2.0,1.0,2.0,2.0,2.0,1.0,2.0,3.0,2.0,3.0,2.0,3.0,2.0,3.0,3.0,3.0,4.0,3.0,3.0,2.0,3.0,2.0,3.1,,1.5,1.6666666666666667,1.875,2.5,2.875
R074,Yes,Yes,Female,35-44,Doctorate,Fintech/payment provider,Digital Banking/Product,6-10,Yes,1,No,Yes,2.0,4.0,,3.0,2.0,4.0,2.0,3.0,4.0,2.0,3.0,3.0,4.0,2.0,2.0,2.0,4.0,1.0,2.0,2.0,2.0,3.0,2.0,,4.0,1.0,3.0,2.0,2.0,2.0,3.0,3.0,2.0,3.0,3.0,2.0,3.0,1.0,2.0,3.0,1.0,1.0,2.0,4.0,4.0,2.0,3.0,3.0,3.0,2.0,2.0,3.0,2.0,2.0,3.0,4.0,2.0,2.888888888888889,2.625,2.2857142857142856,2.5555555555555554,1.875,3.1666666666666665,2.5
R075,Yes,Yes,Male,25-34,Master's,Fintech/payment provider,Other,2-5,Yes,2,Yes,Yes,4.0,3.0,4.0,4.0,3.0,3.0,3.0,2.0,3.0,3.0,4.0,3.0,2.0,2.0,2.0,4.0,4.0,2.0,2.0,3.0,4.0,4.0,5.0,4.0,3.0,4.0,3.0,3.0,4.0,2.0,5.0,3.0,3.0,4.0,3.0,3.0,3.0,3.0,2.0,3.0,3.0,3.0,3.0,3.0,1.0,2.0,3.0,2.0,1.0,3.0,2.0,4.0,2.0,3.0,3.0,4.0,3.0,3.2,2.875,3.625,3.3333333333333335,2.875,2.0,3.0
R076,Yes,Yes,Female,55 or above,Master's,Insurance/investment/other licensed financial institution,Digital Banking/Product,2-5,Yes,4,No,Yes,4.0,3.0,4.0,3.0,3.0,4.0,3.0,4.0,5.0,3.0,4.0,5.0,5.0,4.0,5.0,5.0,5.0,4.0,5.0,3.0,4.0,4.0,4.0,5.0,3.0,3.0,5.0,5.0,5.0,4.0,5.0,5.0,5.0,5.0,4.0,4.0,4.0,5.0,4.0,4.0,5.0,5.0,5.0,4.0,5.0,3.0,5.0,5.0,4.0,2.0,1.0,3.0,1.0,3.0,2.0,3.0,2.0,3.6,4.625,3.875,4.777777777777778,4.5,4.333333333333333,2.125
R077,Yes,Yes,Male,25-34,Diploma/OND/NCE,Commercial bank,Digital Banking/Product,6-10,Yes,1,No,Yes,3.0,3.0,3.0,2.0,,3.0,2.0,3.0,2.0,2.0,2.0,3.0,3.0,1.0,2.0,2.0,3.0,2.0,2.0,5.0,2.0,3.0,3.0,3.0,3.0,,3.0,4.0,3.0,3.0,4.0,3.0,3.0,3.0,3.0,3.0,2.0,1.0,2.0,3.0,2.0,2.0,2.0,3.0,4.0,2.0,4.0,3.0,3.0,3.0,2.0,4.0,4.0,3.0,4.0,4.0,2.0,2.5555555555555554,2.25,3.0,3.2222222222222223,2.125,3.1666666666666665,3.25
R078,Yes,Yes,Male,35-44,Bachelor/HND,Commercial bank,Customer Experience/Service,16 or more,Yes,3,Yes,Yes,3.0,2.0,3.0,3.0,4.0,2.0,2.0,4.0,3.0,3.0,4.0,2.0,4.0,3.0,3.0,4.0,3.0,4.0,2.0,4.0,2.0,4.0,3.0,3.0,4.0,3.0,4.0,4.0,5.0,4.0,5.0,2.0,4.0,4.0,4.0,4.0,2.0,4.0,2.0,3.0,3.0,2.0,2.0,4.0,4.0,3.0,3.0,3.0,5.0,3.0,4.0,4.0,4.0,3.0,4.0,3.0,5.0,2.9,3.375,3.125,4.0,2.75,3.6666666666666665,3.75
R079,Yes,Yes,Male,25-34,Postgraduate Diploma,Insurance/investment/other licensed financial institution,Digital Banking/Product,Less than 2,Yes,3,No,Yes,3.0,3.0,4.0,2.0,3.0,4.0,4.0,3.0,3.0,3.0,5.0,3.0,4.0,4.0,3.0,4.0,4.0,3.0,3.0,4.0,3.0,5.0,4.0,3.0,4.0,3.0,3.0,1.0,2.0,2.0,2.0,3.0,3.0,3.0,2.0,3.0,3.0,3.0,3.0,3.0,3.0,3.0,1.0,3.0,4.0,3.0,4.0,3.0,3.0,3.0,3.0,4.0,3.0,2.0,4.0,4.0,4.0,3.2,3.75,3.625,2.3333333333333335,2.75,3.3333333333333335,3.375
R080,Yes,Yes,Male,45-54,Master's,Microfinance bank,IT/Technology,2-5,Yes,4,No,Yes,3.0,3.0,4.0,3.0,4.0,4.0,4.0,3.0,4.0,2.0,4.0,4.0,5.0,3.0,5.0,4.0,5.0,4.0,4.0,4.0,4.0,5.0,5.0,5.0,5.0,4.0,4.0,3.0,4.0,3.0,5.0,4.0,3.0,3.0,5.0,4.0,4.0,4.0,,3.0,4.0,4.0,3.0,4.0,4.0,3.0,4.0,4.0,4.0,,2.0,3.0,3.0,4.0,3.0,3.0,3.0,3.4,4.25,4.5,3.7777777777777777,3.7142857142857144,3.8333333333333335,3.0
R081,Yes,Yes,Female,25-34,Bachelor/HND,Fintech/payment provider,IT/Technology,16 or more,Yes,3,No,Yes,4.0,2.0,5.0,2.0,4.0,3.0,3.0,4.0,4.0,3.0,4.0,3.0,4.0,2.0,3.0,4.0,3.0,3.0,4.0,3.0,3.0,3.0,3.0,4.0,2.0,3.0,4.0,5.0,5.0,4.0,4.0,5.0,4.0,4.0,5.0,3.0,3.0,3.0,3.0,3.0,,4.0,3.0,2.0,3.0,3.0,4.0,3.0,2.0,3.0,3.0,4.0,3.0,3.0,,3.0,4.0,3.4,3.25,3.125,4.444444444444445,3.142857142857143,2.8333333333333335,3.2857142857142856
R082,Yes,Yes,Female,18-24,Master's,Commercial bank,Customer Experience/Service,6-10,Yes,2,Yes,Yes,3.0,3.0,4.0,2.0,4.0,3.0,3.0,3.0,4.0,2.0,4.0,4.0,5.0,3.0,4.0,4.0,4.0,5.0,,4.0,3.0,4.0,3.0,4.0,3.0,3.0,4.0,3.0,,3.0,4.0,4.0,4.0,4.0,3.0,3.0,4.0,,2.0,4.0,2.0,4.0,3.0,3.0,3.0,2.0,2.0,3.0,3.0,3.0,1.0,3.0,3.0,2.0,2.0,2.0,3.0,3.1,4.125,3.4285714285714284,3.625,3.142857142857143,2.6666666666666665,2.375
R083,Yes,Yes,Male,35-44,Doctorate,Commercial bank,Risk/Compliance,11-15,Yes,2,Do not know,Yes,1.0,2.0,1.0,1.0,3.0,2.0,2.0,2.0,2.0,1.0,3.0,2.0,3.0,3.0,3.0,3.0,4.0,2.0,4.0,5.0,4.0,5.0,5.0,4.0,5.0,3.0,3.0,3.0,3.0,2.0,3.0,3.0,,2.0,3.0,4.0,4.0,4.0,3.0,4.0,4.0,3.0,4.0,4.0,3.0,3.0,3.0,2.0,3.0,3.0,2.0,3.0,3.0,3.0,3.0,3.0,2.0,1.7,2.875,4.375,2.75,3.75,3.0,2.75
R084,Yes,Yes,Male,25-34,Bachelor/HND,Commercial bank,Digital Banking/Product,Less than 2,Yes,3,Yes,Yes,3.0,2.0,3.0,2.0,2.0,3.0,2.0,4.0,3.0,3.0,2.0,1.0,3.0,2.0,3.0,4.0,3.0,3.0,4.0,5.0,3.0,3.0,3.0,4.0,3.0,3.0,2.0,2.0,3.0,3.0,2.0,1.0,2.0,1.0,2.0,4.0,3.0,3.0,2.0,4.0,3.0,2.0,3.0,4.0,2.0,3.0,3.0,4.0,4.0,3.0,1.0,3.0,3.0,3.0,3.0,3.0,2.0,2.7,2.625,3.5,2.0,3.0,3.3333333333333335,2.625
R085,Yes,Yes,Male,35-44,Bachelor/HND,Fintech/payment provider,IT/Technology,6-10,Yes,4,Yes,Yes,2.0,3.0,,2.0,2.0,3.0,2.0,3.0,3.0,2.0,4.0,2.0,3.0,3.0,2.0,2.0,,3.0,2.0,3.0,3.0,3.0,3.0,3.0,2.0,3.0,3.0,2.0,3.0,2.0,3.0,3.0,3.0,1.0,3.0,2.0,3.0,1.0,1.0,2.0,2.0,2.0,2.0,3.0,2.0,3.0,2.0,2.0,3.0,4.0,4.0,4.0,4.0,3.0,3.0,4.0,3.0,2.4444444444444446,2.7142857142857144,2.75,2.5555555555555554,1.875,2.5,3.625
R086,Yes,Yes,Female,45-54,Bachelor/HND,Commercial bank,Risk/Compliance,2-5,Yes,1,No,Yes,3.0,4.0,4.0,4.0,4.0,4.0,3.0,4.0,4.0,4.0,1.0,1.0,1.0,1.0,1.0,2.0,2.0,2.0,2.0,2.0,1.0,,2.0,1.0,2.0,2.0,2.0,1.0,1.0,1.0,1.0,1.0,3.0,,2.0,2.0,1.0,1.0,1.0,1.0,2.0,3.0,1.0,2.0,3.0,3.0,3.0,3.0,,3.0,3.0,4.0,3.0,,3.0,3.0,3.0,3.8,1.375,1.7142857142857142,1.5,1.5,2.8,3.142857142857143
R087,Yes,Yes,Male,35-44,Diploma/OND/NCE,Digital bank/neobank,Risk/Compliance,2-5,Yes,1,Do not know,Yes,4.0,3.0,4.0,4.0,4.0,4.0,4.0,4.0,4.0,4.0,2.0,3.0,3.0,2.0,3.0,3.0,3.0,3.0,3.0,4.0,3.0,4.0,4.0,5.0,3.0,3.0,3.0,2.0,3.0,2.0,2.0,3.0,2.0,2.0,2.0,4.0,2.0,4.0,3.0,4.0,2.0,3.0,4.0,1.0,,3.0,4.0,2.0,,2.0,2.0,2.0,2.0,3.0,2.0,3.0,2.0,3.9,2.75,3.625,2.3333333333333335,3.25,,2.25
R088,Yes,Yes,Male,25-34,Master's,Digital bank/neobank,Risk/Compliance,6-10,Yes,1,Yes,Yes,3.0,3.0,3.0,1.0,2.0,3.0,2.0,1.0,2.0,2.0,2.0,2.0,2.0,2.0,3.0,3.0,3.0,3.0,2.0,4.0,2.0,4.0,3.0,3.0,2.0,3.0,3.0,2.0,4.0,4.0,3.0,2.0,3.0,2.0,3.0,4.0,3.0,3.0,2.0,4.0,4.0,3.0,3.0,3.0,3.0,2.0,3.0,3.0,2.0,4.0,,4.0,3.0,3.0,5.0,4.0,3.0,2.2,2.5,2.875,2.888888888888889,3.25,2.6666666666666665,3.7142857142857144
R089,Yes,Yes,Female,18-24,Bachelor/HND,Merchant bank,Other,2-5,Yes,3,Yes,Yes,4.0,4.0,4.0,3.0,3.0,4.0,2.0,3.0,4.0,3.0,4.0,4.0,3.0,3.0,3.0,4.0,4.0,3.0,2.0,3.0,3.0,4.0,2.0,4.0,3.0,3.0,3.0,2.0,3.0,1.0,3.0,2.0,2.0,2.0,3.0,2.0,4.0,2.0,3.0,2.0,3.0,3.0,4.0,2.0,2.0,2.0,4.0,2.0,3.0,1.0,1.0,3.0,1.0,3.0,2.0,4.0,2.0,3.4,3.5,3.0,2.3333333333333335,2.875,2.5,2.125
R090,Yes,Yes,Male,25-34,Diploma/OND/NCE,Merchant bank,Digital Banking/Product,6-10,Yes,3,Yes,Yes,4.0,4.0,5.0,3.0,5.0,5.0,3.0,3.0,4.0,4.0,3.0,2.0,4.0,3.0,4.0,4.0,3.0,2.0,4.0,5.0,3.0,3.0,2.0,3.0,3.0,3.0,3.0,2.0,1.0,2.0,3.0,2.0,3.0,2.0,2.0,2.0,1.0,2.0,2.0,2.0,1.0,3.0,2.0,4.0,4.0,3.0,5.0,3.0,4.0,2.0,2.0,,4.0,2.0,2.0,2.0,2.0,4.0,3.125,3.25,2.2222222222222223,1.875,3.8333333333333335,2.2857142857142856
R091,Yes,Yes,Male,45-54,Bachelor/HND,Merchant bank,Digital Banking/Product,2-5,Yes,4,Yes,Yes,4.0,4.0,3.0,4.0,2.0,3.0,3.0,3.0,3.0,1.0,3.0,3.0,2.0,3.0,3.0,2.0,2.0,,3.0,3.0,1.0,3.0,3.0,2.0,3.0,2.0,2.0,3.0,4.0,4.0,2.0,3.0,2.0,3.0,3.0,3.0,3.0,3.0,2.0,4.0,3.0,4.0,3.0,3.0,2.0,2.0,3.0,3.0,4.0,4.0,4.0,5.0,5.0,5.0,5.0,4.0,4.0,3.0,2.5714285714285716,2.5,2.888888888888889,3.125,2.8333333333333335,4.5
R092,Yes,Yes,Female,25-34,Bachelor/HND,Commercial bank,IT/Technology,11-15,Yes,3,No,Yes,2.0,3.0,4.0,2.0,3.0,3.0,,2.0,4.0,2.0,2.0,2.0,2.0,1.0,2.0,2.0,2.0,2.0,2.0,3.0,2.0,3.0,1.0,2.0,3.0,2.0,2.0,3.0,4.0,1.0,3.0,2.0,2.0,2.0,2.0,3.0,3.0,3.0,2.0,4.0,2.0,3.0,,3.0,3.0,2.0,3.0,3.0,3.0,3.0,1.0,3.0,2.0,3.0,3.0,3.0,1.0,2.7777777777777777,1.875,2.25,2.3333333333333335,2.857142857142857,2.8333333333333335,2.375
R093,Yes,Yes,Male,25-34,Bachelor/HND,Insurance/investment/other licensed financial institution,IT/Technology,2-5,Yes,3,Yes,Yes,3.0,4.0,3.0,3.0,3.0,4.0,3.0,4.0,3.0,4.0,3.0,3.0,5.0,4.0,5.0,5.0,4.0,4.0,3.0,3.0,3.0,3.0,3.0,3.0,5.0,3.0,3.0,3.0,2.0,3.0,3.0,3.0,2.0,3.0,5.0,5.0,5.0,3.0,3.0,4.0,3.0,5.0,4.0,4.0,4.0,3.0,4.0,4.0,3.0,3.0,2.0,4.0,3.0,4.0,4.0,3.0,4.0,3.4,4.125,3.25,3.0,4.0,3.6666666666666665,3.375
R094,Yes,Yes,Female,45-54,Diploma/OND/NCE,Fintech/payment provider,Data/Analytics/AI,Less than 2,Yes,1,No,Yes,3.0,4.0,4.0,4.0,5.0,5.0,3.0,4.0,5.0,3.0,2.0,2.0,3.0,2.0,3.0,3.0,3.0,1.0,3.0,2.0,2.0,3.0,2.0,3.0,2.0,2.0,,3.0,3.0,1.0,4.0,2.0,3.0,2.0,3.0,3.0,2.0,2.0,3.0,4.0,1.0,3.0,3.0,3.0,3.0,2.0,4.0,3.0,3.0,2.0,3.0,3.0,2.0,3.0,3.0,4.0,3.0,4.0,2.375,2.375,2.625,2.625,3.0,2.875
R095,Yes,Yes,Male,25-34,Master's,Commercial bank,IT/Technology,6-10,Yes,2,Yes,Yes,3.0,1.0,3.0,2.0,2.0,3.0,2.0,2.0,2.0,2.0,3.0,2.0,3.0,3.0,2.0,3.0,3.0,3.0,2.0,3.0,3.0,4.0,2.0,4.0,3.0,4.0,3.0,2.0,2.0,2.0,2.0,3.0,2.0,1.0,3.0,4.0,2.0,2.0,3.0,2.0,3.0,4.0,2.0,3.0,4.0,3.0,3.0,3.0,3.0,3.0,4.0,4.0,4.0,3.0,4.0,5.0,4.0,2.2,2.75,3.125,2.2222222222222223,2.75,3.1666666666666665,3.875
R096,Yes,Yes,Female,25-34,Master's,Commercial bank,IT/Technology,2-5,Yes,0,Yes,Yes,4.0,4.0,5.0,4.0,3.0,3.0,3.0,5.0,4.0,4.0,2.0,2.0,3.0,3.0,,2.0,4.0,3.0,3.0,4.0,,3.0,2.0,3.0,,2.0,3.0,2.0,1.0,2.0,3.0,3.0,3.0,2.0,2.0,4.0,3.0,3.0,3.0,4.0,5.0,,,2.0,3.0,2.0,4.0,2.0,2.0,3.0,3.0,4.0,3.0,3.0,4.0,4.0,3.0,3.9,2.7142857142857144,,2.3333333333333335,,2.5,3.375
R097,Yes,Yes,Male,18-24,Bachelor/HND,Commercial bank,Customer Experience/Service,2-5,Yes,2,Yes,Yes,3.0,4.0,4.0,2.0,3.0,3.0,2.0,3.0,4.0,2.0,5.0,3.0,3.0,2.0,3.0,4.0,3.0,2.0,3.0,4.0,2.0,4.0,3.0,3.0,3.0,3.0,3.0,3.0,4.0,2.0,4.0,3.0,3.0,2.0,3.0,4.0,3.0,5.0,3.0,5.0,5.0,4.0,4.0,4.0,4.0,3.0,4.0,3.0,2.0,3.0,3.0,4.0,4.0,4.0,3.0,3.0,3.0,3.0,3.125,3.125,3.0,4.125,3.3333333333333335,3.375
R098,Yes,Yes,Female,45-54,Diploma/OND/NCE,Commercial bank,IT/Technology,16 or more,Yes,1,No,Yes,5.0,4.0,4.0,4.0,5.0,5.0,5.0,4.0,5.0,4.0,3.0,2.0,5.0,3.0,3.0,2.0,3.0,3.0,3.0,4.0,4.0,4.0,4.0,4.0,3.0,4.0,3.0,2.0,4.0,2.0,2.0,2.0,3.0,2.0,2.0,4.0,4.0,2.0,,4.0,3.0,4.0,3.0,3.0,4.0,3.0,4.0,3.0,4.0,3.0,2.0,3.0,1.0,3.0,2.0,1.0,2.0,4.5,3.0,3.75,2.4444444444444446,3.4285714285714284,3.5,2.125
R099,Yes,Yes,Female,25-34,Postgraduate Diploma,Commercial bank,Management/Strategy,11-15,Yes,3,Yes,Yes,4.0,2.0,3.0,1.0,3.0,3.0,2.0,3.0,3.0,2.0,3.0,4.0,5.0,4.0,5.0,4.0,4.0,4.0,3.0,2.0,2.0,2.0,3.0,2.0,2.0,2.0,3.0,5.0,3.0,3.0,4.0,5.0,4.0,4.0,4.0,4.0,4.0,3.0,3.0,5.0,5.0,4.0,4.0,3.0,3.0,3.0,4.0,3.0,4.0,3.0,2.0,3.0,1.0,3.0,2.0,3.0,,2.6,4.125,2.25,3.888888888888889,4.0,3.3333333333333335,2.4285714285714284
R100,Yes,Yes,Male,25-34,Diploma/OND/NCE,Commercial bank,Customer Experience/Service,6-10,Yes,1,Yes,Yes,3.0,4.0,4.0,3.0,5.0,4.0,3.0,3.0,4.0,3.0,3.0,3.0,3.0,3.0,3.0,4.0,4.0,3.0,3.0,,2.0,2.0,,3.0,2.0,3.0,2.0,3.0,3.0,3.0,3.0,2.0,3.0,2.0,3.0,3.0,3.0,4.0,3.0,4.0,4.0,2.0,4.0,3.0,4.0,3.0,3.0,3.0,5.0,,3.0,4.0,4.0,3.0,3.0,4.0,1.0,3.6,3.25,,2.6666666666666665,3.375,3.5,3.142857142857143
R101,Yes,Yes,Male,25-34,Bachelor/HND,Commercial bank,Customer Experience/Service,Less than 2,Yes,1,No,Yes,4.0,4.0,4.0,2.0,2.0,3.0,3.0,3.0,3.0,3.0,2.0,2.0,2.0,1.0,3.0,2.0,2.0,1.0,3.0,3.0,3.0,3.0,3.0,4.0,2.0,4.0,4.0,4.0,3.0,3.0,4.0,3.0,2.0,3.0,3.0,3.0,3.0,2.0,2.0,4.0,3.0,3.0,3.0,3.0,3.0,3.0,5.0,3.0,2.0,3.0,4.0,4.0,4.0,4.0,3.0,4.0,4.0,3.1,1.875,3.125,3.2222222222222223,2.875,3.1666666666666665,3.75
R102,Yes,Yes,Male,35-44,Bachelor/HND,Merchant bank,Management/Strategy,11-15,Yes,2,No,Yes,3.0,3.0,3.0,3.0,4.0,3.0,3.0,3.0,3.0,2.0,3.0,2.0,4.0,2.0,4.0,4.0,3.0,3.0,5.0,5.0,4.0,5.0,5.0,5.0,5.0,4.0,3.0,3.0,2.0,3.0,3.0,2.0,2.0,3.0,3.0,4.0,3.0,3.0,3.0,4.0,4.0,4.0,3.0,5.0,3.0,3.0,4.0,5.0,3.0,3.0,4.0,4.0,3.0,3.0,3.0,5.0,4.0,3.0,3.125,4.75,2.6666666666666665,3.5,3.8333333333333335,3.625
R103,Yes,Yes,Female,25-34,Master's,Microfinance bank,Relationship/Marketing,Less than 2,Yes,3,Yes,Yes,2.0,3.0,3.0,2.0,4.0,3.0,2.0,3.0,4.0,2.0,4.0,1.0,2.0,3.0,4.0,3.0,3.0,1.0,3.0,4.0,2.0,3.0,2.0,4.0,3.0,3.0,2.0,,2.0,2.0,3.0,1.0,2.0,2.0,2.0,3.0,2.0,3.0,3.0,3.0,3.0,3.0,3.0,2.0,2.0,1.0,3.0,2.0,3.0,4.0,3.0,4.0,4.0,4.0,4.0,4.0,3.0,2.8,2.625,3.0,2.0,2.875,2.1666666666666665,3.75
R104,Yes,Yes,Male,25-34,Doctorate,Commercial bank,Data/Analytics/AI,2-5,Yes,1,Yes,Yes,3.0,2.0,3.0,2.0,2.0,3.0,2.0,1.0,,2.0,4.0,4.0,3.0,2.0,3.0,3.0,3.0,2.0,3.0,3.0,3.0,3.0,3.0,2.0,3.0,4.0,4.0,2.0,4.0,3.0,4.0,3.0,4.0,3.0,3.0,4.0,4.0,4.0,2.0,4.0,3.0,3.0,3.0,2.0,2.0,2.0,3.0,2.0,3.0,4.0,4.0,4.0,3.0,2.0,4.0,3.0,2.0,2.2222222222222223,3.0,3.0,3.3333333333333335,3.375,2.3333333333333335,3.25
R105,Yes,Yes,Male,25-34,Bachelor/HND,Digital bank/neobank,Customer Experience/Service,6-10,Yes,3,Yes,Yes,4.0,3.0,3.0,3.0,3.0,3.0,3.0,4.0,4.0,3.0,4.0,4.0,4.0,4.0,2.0,3.0,4.0,4.0,4.0,3.0,4.0,3.0,3.0,5.0,5.0,4.0,4.0,3.0,3.0,3.0,4.0,3.0,4.0,3.0,2.0,4.0,3.0,3.0,4.0,4.0,3.0,4.0,4.0,5.0,4.0,4.0,4.0,4.0,4.0,4.0,3.0,5.0,4.0,4.0,3.0,4.0,4.0,3.3,3.625,3.875,3.2222222222222223,3.625,4.166666666666667,3.875
R106,Yes,Yes,Female,35-44,Postgraduate Diploma,Fintech/payment provider,IT/Technology,2-5,Yes,0,Do not know,Yes,2.0,4.0,4.0,3.0,4.0,2.0,2.0,3.0,5.0,2.0,3.0,3.0,3.0,3.0,3.0,3.0,3.0,4.0,3.0,3.0,3.0,4.0,3.0,3.0,3.0,3.0,4.0,3.0,2.0,2.0,2.0,3.0,2.0,1.0,1.0,2.0,2.0,3.0,1.0,2.0,2.0,2.0,3.0,1.0,1.0,1.0,2.0,2.0,2.0,3.0,3.0,3.0,4.0,4.0,3.0,4.0,4.0,3.1,3.125,3.125,2.2222222222222223,2.125,1.5,3.5
R107,Yes,Yes,Male,35-44,Bachelor/HND,Insurance/investment/other licensed financial institution,Risk/Compliance,16 or more,Yes,4,Yes,Yes,4.0,2.0,4.0,3.0,3.0,4.0,4.0,3.0,4.0,3.0,5.0,2.0,3.0,3.0,3.0,3.0,3.0,3.0,2.0,3.0,3.0,4.0,3.0,4.0,3.0,2.0,4.0,3.0,3.0,3.0,,3.0,4.0,4.0,4.0,4.0,2.0,2.0,2.0,3.0,2.0,2.0,2.0,2.0,3.0,2.0,2.0,3.0,3.0,2.0,2.0,3.0,3.0,2.0,2.0,2.0,3.0,3.4,3.125,3.0,3.5,2.375,2.5,2.375
R108,Yes,Yes,Male,35-44,Master's,Digital bank/neobank,IT/Technology,2-5,Yes,2,No,Yes,2.0,2.0,,1.0,3.0,4.0,3.0,4.0,3.0,3.0,3.0,3.0,3.0,2.0,3.0,2.0,3.0,3.0,3.0,3.0,2.0,2.0,3.0,3.0,3.0,2.0,3.0,3.0,3.0,3.0,3.0,3.0,2.0,2.0,4.0,4.0,2.0,2.0,3.0,3.0,3.0,3.0,2.0,4.0,3.0,3.0,5.0,4.0,4.0,2.0,3.0,3.0,3.0,2.0,2.0,4.0,2.0,2.7777777777777777,2.75,2.625,2.888888888888889,2.75,3.8333333333333335,2.625
R109,Yes,Yes,Female,35-44,Master's,Fintech/payment provider,Other,2-5,Yes,2,Yes,Yes,4.0,4.0,4.0,3.0,2.0,3.0,2.0,3.0,2.0,3.0,2.0,2.0,3.0,1.0,2.0,2.0,3.0,2.0,2.0,2.0,2.0,3.0,1.0,2.0,2.0,2.0,2.0,2.0,2.0,2.0,4.0,2.0,2.0,1.0,2.0,2.0,1.0,2.0,2.0,2.0,2.0,2.0,1.0,4.0,4.0,3.0,3.0,4.0,3.0,2.0,2.0,2.0,2.0,3.0,3.0,3.0,3.0,3.0,2.125,2.0,2.111111111111111,1.75,3.5,2.5
R110,Yes,Yes,Male,18-24,Master's,Fintech/payment provider,Relationship/Marketing,6-10,Yes,0,Do not know,Yes,5.0,3.0,4.0,3.0,3.0,5.0,4.0,5.0,5.0,5.0,3.0,4.0,4.0,3.0,3.0,2.0,4.0,3.0,3.0,3.0,3.0,3.0,4.0,5.0,2.0,3.0,3.0,2.0,4.0,2.0,4.0,3.0,2.0,3.0,3.0,4.0,3.0,3.0,3.0,4.0,3.0,3.0,3.0,3.0,3.0,2.0,3.0,2.0,2.0,5.0,3.0,5.0,5.0,4.0,4.0,5.0,5.0,4.2,3.25,3.25,2.888888888888889,3.25,2.5,4.5
R111,Yes,Yes,Female,25-34,Master's,Commercial bank,Data/Analytics/AI,2-5,Yes,4,No,Yes,3.0,3.0,2.0,3.0,3.0,3.0,4.0,3.0,4.0,4.0,3.0,3.0,4.0,3.0,3.0,,4.0,3.0,2.0,,3.0,4.0,3.0,3.0,2.0,3.0,4.0,3.0,3.0,2.0,4.0,4.0,3.0,3.0,2.0,4.0,3.0,3.0,2.0,3.0,3.0,3.0,2.0,4.0,3.0,2.0,3.0,3.0,3.0,3.0,3.0,3.0,3.0,2.0,3.0,3.0,4.0,3.2,3.2857142857142856,2.857142857142857,3.111111111111111,2.875,3.0,3.0
R112,Yes,Yes,Male,45-54,Bachelor/HND,Fintech/payment provider,Data/Analytics/AI,6-10,Yes,1,No,Yes,4.0,2.0,4.0,3.0,4.0,4.0,3.0,3.0,5.0,3.0,3.0,2.0,1.0,2.0,2.0,1.0,2.0,2.0,2.0,2.0,1.0,2.0,2.0,2.0,2.0,3.0,3.0,3.0,3.0,3.0,3.0,3.0,3.0,2.0,3.0,2.0,2.0,1.0,1.0,2.0,1.0,1.0,1.0,2.0,2.0,2.0,3.0,3.0,2.0,2.0,2.0,5.0,3.0,3.0,3.0,4.0,4.0,3.5,1.875,2.0,2.888888888888889,1.375,2.3333333333333335,3.25
R113,Yes,Yes,Female,45-54,Master's,Microfinance bank,Relationship/Marketing,6-10,Yes,3,Yes,Yes,2.0,1.0,3.0,2.0,3.0,2.0,2.0,1.0,3.0,1.0,4.0,5.0,4.0,4.0,4.0,4.0,4.0,4.0,4.0,4.0,3.0,4.0,3.0,3.0,4.0,3.0,4.0,3.0,3.0,3.0,2.0,3.0,3.0,3.0,3.0,4.0,3.0,3.0,3.0,4.0,2.0,3.0,4.0,2.0,4.0,2.0,3.0,3.0,2.0,3.0,3.0,,3.0,,3.0,2.0,2.0,2.0,4.125,3.5,3.0,3.25,2.6666666666666665,
R114,Yes,Yes,Female,35-44,Diploma/OND/NCE,Microfinance bank,IT/Technology,6-10,Yes,1,Yes,Yes,3.0,2.0,4.0,2.0,3.0,3.0,3.0,3.0,4.0,3.0,2.0,3.0,3.0,2.0,2.0,2.0,1.0,3.0,3.0,2.0,3.0,2.0,3.0,3.0,3.0,3.0,5.0,3.0,4.0,3.0,4.0,5.0,4.0,4.0,4.0,1.0,3.0,2.0,1.0,3.0,2.0,2.0,2.0,2.0,3.0,3.0,2.0,2.0,3.0,3.0,3.0,4.0,2.0,4.0,3.0,3.0,3.0,3.0,2.25,2.75,4.0,2.0,2.5,3.125
R115,Yes,Yes,Female,25-34,Bachelor/HND,Commercial bank,Relationship/Marketing,6-10,Yes,2,Yes,Yes,3.0,3.0,2.0,3.0,,3.0,2.0,3.0,3.0,3.0,4.0,4.0,4.0,3.0,3.0,4.0,4.0,3.0,3.0,2.0,3.0,4.0,4.0,4.0,4.0,2.0,5.0,4.0,4.0,3.0,5.0,4.0,4.0,5.0,4.0,4.0,3.0,3.0,2.0,3.0,,3.0,3.0,4.0,3.0,3.0,4.0,4.0,4.0,4.0,4.0,4.0,3.0,4.0,3.0,5.0,3.0,2.7777777777777777,3.625,3.25,4.222222222222222,3.0,3.6666666666666665,3.75
R116,Yes,Yes,Male,35-44,Bachelor/HND,Commercial bank,Relationship/Marketing,11-15,Yes,4,Yes,Yes,3.0,4.0,4.0,3.0,4.0,4.0,3.0,3.0,4.0,5.0,3.0,2.0,4.0,3.0,3.0,3.0,4.0,3.0,2.0,3.0,2.0,4.0,2.0,3.0,3.0,3.0,4.0,3.0,4.0,3.0,5.0,3.0,4.0,2.0,4.0,4.0,2.0,4.0,3.0,3.0,3.0,3.0,2.0,2.0,3.0,1.0,5.0,3.0,4.0,2.0,3.0,4.0,2.0,3.0,3.0,4.0,2.0,3.7,3.125,2.75,3.5555555555555554,3.0,3.0,2.875
R117,Yes,Yes,Female,35-44,Diploma/OND/NCE,Commercial bank,Management/Strategy,6-10,Yes,0,Do not know,Yes,4.0,3.0,4.0,2.0,3.0,4.0,2.0,2.0,3.0,4.0,4.0,3.0,4.0,3.0,5.0,5.0,5.0,3.0,4.0,4.0,3.0,4.0,4.0,3.0,4.0,4.0,4.0,2.0,4.0,3.0,3.0,3.0,4.0,3.0,4.0,4.0,2.0,4.0,4.0,3.0,3.0,3.0,3.0,3.0,4.0,3.0,3.0,2.0,3.0,3.0,2.0,3.0,2.0,2.0,1.0,4.0,3.0,3.1,4.0,3.75,3.3333333333333335,3.25,3.0,2.5
R118,Yes,Yes,Male,25-34,Doctorate,Commercial bank,IT/Technology,2-5,Yes,3,Yes,Yes,4.0,4.0,5.0,2.0,5.0,4.0,4.0,4.0,5.0,4.0,5.0,4.0,5.0,3.0,4.0,4.0,5.0,4.0,4.0,5.0,4.0,5.0,5.0,4.0,4.0,5.0,2.0,4.0,3.0,3.0,3.0,1.0,3.0,2.0,2.0,5.0,5.0,5.0,5.0,5.0,5.0,5.0,5.0,4.0,3.0,4.0,4.0,4.0,4.0,,2.0,3.0,3.0,3.0,3.0,3.0,2.0,4.1,4.25,4.5,2.5555555555555554,5.0,3.8333333333333335,2.7142857142857144
R119,Yes,Yes,Female,25-34,Master's,Commercial bank,Management/Strategy,6-10,Yes,2,Yes,Yes,3.0,4.0,4.0,4.0,4.0,4.0,2.0,4.0,4.0,4.0,2.0,3.0,2.0,3.0,3.0,4.0,3.0,3.0,3.0,2.0,3.0,4.0,1.0,3.0,3.0,3.0,4.0,4.0,3.0,4.0,4.0,4.0,5.0,4.0,4.0,3.0,3.0,2.0,2.0,3.0,1.0,3.0,2.0,,3.0,3.0,2.0,3.0,2.0,4.0,4.0,5.0,5.0,4.0,4.0,3.0,4.0,3.7,2.875,2.75,4.0,2.375,2.6,4.125
R120,Yes,Yes,Female,35-44,Diploma/OND/NCE,Commercial bank,IT/Technology,16 or more,Yes,2,Do not know,Yes,2.0,1.0,2.0,2.0,2.0,1.0,1.0,2.0,2.0,2.0,4.0,3.0,4.0,3.0,4.0,4.0,4.0,3.0,4.0,4.0,3.0,4.0,3.0,4.0,,3.0,5.0,4.0,5.0,3.0,5.0,4.0,4.0,3.0,5.0,4.0,4.0,4.0,4.0,3.0,3.0,4.0,3.0,3.0,4.0,2.0,5.0,5.0,4.0,2.0,4.0,3.0,4.0,3.0,4.0,4.0,2.0,1.7,3.625,3.5714285714285716,4.222222222222222,3.625,3.8333333333333335,3.25
R121,Yes,Yes,Male,35-44,Master's,Commercial bank,Data/Analytics/AI,2-5,Yes,1,No,Yes,3.0,4.0,4.0,3.0,3.0,3.0,3.0,4.0,4.0,3.0,4.0,3.0,4.0,2.0,2.0,3.0,3.0,2.0,2.0,3.0,3.0,3.0,4.0,3.0,3.0,3.0,3.0,2.0,2.0,3.0,3.0,3.0,2.0,2.0,3.0,4.0,2.0,4.0,3.0,3.0,2.0,2.0,1.0,4.0,4.0,4.0,4.0,3.0,4.0,4.0,3.0,4.0,4.0,4.0,3.0,5.0,4.0,3.4,2.875,3.0,2.5555555555555554,2.625,3.8333333333333335,3.875
R122,Yes,Yes,Male,55 or above,Bachelor/HND,Fintech/payment provider,Data/Analytics/AI,11-15,Yes,2,Yes,Yes,4.0,3.0,5.0,3.0,4.0,3.0,3.0,5.0,4.0,4.0,4.0,3.0,4.0,2.0,2.0,2.0,3.0,3.0,1.0,2.0,2.0,3.0,,3.0,1.0,2.0,4.0,3.0,3.0,3.0,4.0,3.0,4.0,2.0,4.0,3.0,2.0,3.0,2.0,2.0,1.0,2.0,2.0,1.0,2.0,2.0,3.0,,2.0,3.0,4.0,4.0,2.0,4.0,2.0,3.0,3.0,3.8,2.875,2.0,3.3333333333333335,2.125,2.0,3.125
R123,Yes,Yes,Female,35-44,Bachelor/HND,Commercial bank,Customer Experience/Service,16 or more,Yes,0,Do not know,Yes,3.0,3.0,3.0,2.0,3.0,3.0,2.0,4.0,3.0,3.0,2.0,1.0,2.0,2.0,3.0,2.0,3.0,2.0,2.0,2.0,3.0,5.0,2.0,2.0,2.0,2.0,3.0,2.0,2.0,1.0,2.0,2.0,3.0,3.0,3.0,3.0,3.0,3.0,2.0,2.0,2.0,3.0,3.0,2.0,2.0,2.0,1.0,2.0,1.0,4.0,3.0,3.0,5.0,5.0,4.0,5.0,4.0,2.9,2.125,2.5,2.3333333333333335,2.625,1.6666666666666667,4.125
R124,Yes,Yes,Female,18-24,Master's,Insurance/investment/other licensed financial institution,Data/Analytics/AI,2-5,Yes,1,No,Yes,3.0,3.0,3.0,2.0,4.0,3.0,3.0,3.0,3.0,2.0,3.0,3.0,3.0,3.0,3.0,4.0,4.0,3.0,1.0,2.0,2.0,3.0,2.0,3.0,3.0,3.0,5.0,3.0,3.0,3.0,4.0,4.0,5.0,4.0,4.0,2.0,1.0,3.0,2.0,3.0,,4.0,3.0,3.0,,2.0,4.0,2.0,3.0,4.0,2.0,3.0,1.0,2.0,2.0,2.0,1.0,2.9,3.25,2.375,3.888888888888889,2.5714285714285716,2.8,2.125
R125,Yes,Yes,Male,25-34,Bachelor/HND,Commercial bank,IT/Technology,2-5,Yes,3,Do not know,Yes,4.0,2.0,4.0,3.0,2.0,3.0,3.0,3.0,3.0,3.0,2.0,2.0,3.0,2.0,3.0,3.0,2.0,3.0,2.0,2.0,1.0,4.0,2.0,2.0,1.0,1.0,3.0,3.0,4.0,3.0,4.0,3.0,3.0,3.0,3.0,2.0,2.0,3.0,3.0,1.0,2.0,2.0,2.0,3.0,3.0,2.0,5.0,3.0,3.0,4.0,3.0,3.0,2.0,3.0,1.0,3.0,2.0,3.0,2.5,1.875,3.2222222222222223,2.125,3.1666666666666665,2.625
R126,Yes,Yes,Male,45-54,Bachelor/HND,Digital bank/neobank,Other,6-10,Yes,1,No,Yes,4.0,4.0,4.0,4.0,4.0,3.0,,3.0,4.0,3.0,3.0,3.0,4.0,2.0,,2.0,4.0,3.0,,4.0,4.0,4.0,5.0,4.0,4.0,3.0,4.0,3.0,4.0,4.0,3.0,3.0,3.0,3.0,3.0,3.0,4.0,4.0,4.0,5.0,5.0,5.0,3.0,2.0,3.0,4.0,3.0,4.0,3.0,3.0,3.0,4.0,3.0,4.0,4.0,4.0,2.0,3.6666666666666665,3.0,4.0,3.3333333333333335,4.125,3.1666666666666665,3.375
R127,Yes,Yes,Female,25-34,Bachelor/HND,Commercial bank,Relationship/Marketing,Less than 2,Yes,1,No,Yes,3.0,4.0,4.0,1.0,2.0,3.0,3.0,2.0,4.0,2.0,5.0,5.0,5.0,5.0,3.0,4.0,5.0,5.0,4.0,4.0,2.0,4.0,2.0,3.0,3.0,3.0,4.0,4.0,3.0,5.0,5.0,4.0,5.0,3.0,4.0,3.0,4.0,5.0,2.0,4.0,3.0,3.0,4.0,3.0,4.0,3.0,3.0,3.0,2.0,3.0,2.0,2.0,2.0,4.0,3.0,4.0,2.0,2.8,4.625,3.125,4.111111111111111,3.5,3.0,2.75
R128,Yes,Yes,Male,25-34,Postgraduate Diploma,Commercial bank,Other,Less than 2,Yes,2,Do not know,Yes,4.0,3.0,4.0,4.0,3.0,3.0,4.0,5.0,5.0,4.0,3.0,4.0,4.0,3.0,3.0,4.0,3.0,4.0,4.0,4.0,3.0,5.0,4.0,4.0,3.0,4.0,4.0,5.0,4.0,3.0,5.0,4.0,4.0,5.0,4.0,4.0,,4.0,4.0,3.0,5.0,3.0,3.0,2.0,2.0,3.0,2.0,3.0,3.0,3.0,4.0,5.0,4.0,5.0,3.0,5.0,3.0,3.9,3.5,3.875,4.222222222222222,3.7142857142857144,2.5,4.0
R129,Yes,Yes,Male,25-34,Bachelor/HND,Commercial bank,Data/Analytics/AI,11-15,Yes,4,Yes,Yes,3.0,2.0,3.0,3.0,4.0,2.0,2.0,3.0,4.0,2.0,3.0,3.0,4.0,,,5.0,4.0,4.0,3.0,4.0,2.0,3.0,3.0,3.0,3.0,4.0,5.0,3.0,4.0,4.0,3.0,4.0,4.0,4.0,4.0,5.0,5.0,5.0,4.0,4.0,4.0,4.0,5.0,3.0,5.0,3.0,3.0,3.0,,3.0,3.0,4.0,3.0,3.0,2.0,4.0,2.0,2.8,,3.125,3.888888888888889,4.5,3.4,3.0
R130,Yes,Yes,Female,45-54,Diploma/OND/NCE,Commercial bank,Customer Experience/Service,16 or more,Yes,2,Yes,Yes,3.0,2.0,3.0,3.0,4.0,3.0,4.0,3.0,3.0,4.0,4.0,4.0,3.0,,4.0,5.0,4.0,4.0,3.0,4.0,4.0,,3.0,5.0,5.0,3.0,3.0,1.0,4.0,4.0,3.0,4.0,,2.0,3.0,3.0,3.0,3.0,4.0,5.0,4.0,5.0,3.0,3.0,4.0,2.0,3.0,3.0,3.0,3.0,4.0,4.0,4.0,4.0,3.0,4.0,,3.2,4.0,3.857142857142857,3.0,3.75,3.0,3.7142857142857144
R131,Yes,Yes,Male,45-54,Master's,Insurance/investment/other licensed financial institution,Other,6-10,Yes,2,Yes,Yes,3.0,2.0,3.0,4.0,3.0,4.0,3.0,3.0,4.0,2.0,4.0,4.0,4.0,3.0,3.0,4.0,4.0,5.0,3.0,3.0,3.0,5.0,4.0,5.0,,3.0,4.0,2.0,4.0,4.0,4.0,5.0,3.0,3.0,4.0,3.0,3.0,3.0,4.0,4.0,4.0,4.0,3.0,3.0,4.0,2.0,4.0,3.0,2.0,3.0,3.0,3.0,2.0,4.0,2.0,3.0,2.0,3.1,3.875,3.7142857142857144,3.6666666666666665,3.5,3.0,2.75
R132,Yes,Yes,Male,45-54,Bachelor/HND,Digital bank/neobank,Management/Strategy,2-5,Yes,2,Yes,Yes,3.0,3.0,4.0,3.0,3.0,4.0,3.0,4.0,4.0,3.0,3.0,2.0,3.0,2.0,2.0,2.0,4.0,3.0,3.0,3.0,2.0,3.0,2.0,3.0,3.0,3.0,,2.0,2.0,2.0,2.0,2.0,2.0,4.0,3.0,3.0,,2.0,2.0,3.0,3.0,3.0,2.0,3.0,3.0,2.0,3.0,3.0,2.0,3.0,2.0,1.0,1.0,2.0,3.0,3.0,2.0,3.4,2.625,2.75,2.375,2.5714285714285716,2.6666666666666665,2.125
R133,Yes,Yes,Female,25-34,Bachelor/HND,Commercial bank,Management/Strategy,2-5,Yes,3,Yes,Yes,,4.0,3.0,4.0,4.0,3.0,3.0,4.0,4.0,3.0,3.0,4.0,3.0,3.0,4.0,3.0,4.0,4.0,3.0,3.0,3.0,3.0,3.0,4.0,3.0,4.0,3.0,1.0,3.0,3.0,3.0,4.0,4.0,4.0,,3.0,4.0,3.0,3.0,4.0,4.0,3.0,4.0,3.0,5.0,4.0,5.0,4.0,3.0,4.0,3.0,3.0,3.0,4.0,3.0,5.0,4.0,3.5555555555555554,3.5,3.25,3.125,3.5,4.0,3.625
R134,Yes,Yes,Male,25-34,Bachelor/HND,Fintech/payment provider,Other,11-15,Yes,3,Yes,Yes,4.0,5.0,4.0,4.0,5.0,4.0,3.0,4.0,4.0,4.0,5.0,3.0,3.0,4.0,3.0,3.0,4.0,3.0,3.0,3.0,3.0,4.0,2.0,2.0,2.0,3.0,3.0,3.0,3.0,4.0,4.0,3.0,3.0,3.0,3.0,3.0,3.0,3.0,2.0,3.0,4.0,3.0,3.0,2.0,3.0,1.0,3.0,4.0,2.0,4.0,3.0,3.0,3.0,,3.0,4.0,4.0,4.1,3.5,2.75,3.2222222222222223,3.0,2.5,3.4285714285714284
R135,Yes,Yes,Female,35-44,Bachelor/HND,Digital bank/neobank,Digital Banking/Product,2-5,Yes,0,No,Yes,2.0,3.0,3.0,3.0,2.0,3.0,3.0,4.0,4.0,3.0,3.0,2.0,3.0,3.0,3.0,2.0,3.0,3.0,2.0,2.0,2.0,2.0,2.0,3.0,2.0,2.0,3.0,2.0,3.0,3.0,4.0,2.0,3.0,2.0,3.0,3.0,3.0,3.0,3.0,3.0,4.0,4.0,4.0,3.0,3.0,2.0,3.0,3.0,2.0,3.0,1.0,3.0,4.0,4.0,3.0,4.0,2.0,3.0,2.75,2.125,2.7777777777777777,3.375,2.6666666666666665,3.0
R136,Yes,Yes,Male,25-34,Bachelor/HND,Commercial bank,Digital Banking/Product,16 or more,Yes,2,Yes,Yes,4.0,3.0,5.0,3.0,3.0,3.0,2.0,3.0,4.0,3.0,2.0,1.0,2.0,2.0,2.0,1.0,3.0,1.0,2.0,2.0,2.0,2.0,2.0,1.0,1.0,2.0,4.0,2.0,3.0,3.0,4.0,3.0,3.0,3.0,4.0,3.0,2.0,3.0,2.0,3.0,4.0,1.0,2.0,2.0,2.0,3.0,3.0,3.0,2.0,3.0,2.0,1.0,3.0,2.0,2.0,4.0,2.0,3.3,1.75,1.75,3.2222222222222223,2.5,2.5,2.375
R137,Yes,Yes,Female,25-34,Postgraduate Diploma,Digital bank/neobank,Relationship/Marketing,16 or more,Yes,2,Yes,Yes,5.0,2.0,4.0,2.0,3.0,3.0,3.0,4.0,3.0,2.0,4.0,2.0,4.0,3.0,3.0,4.0,4.0,4.0,2.0,1.0,2.0,4.0,2.0,5.0,2.0,2.0,4.0,4.0,3.0,3.0,3.0,4.0,2.0,1.0,3.0,3.0,3.0,3.0,2.0,4.0,,4.0,2.0,4.0,4.0,3.0,4.0,4.0,4.0,5.0,4.0,5.0,5.0,4.0,5.0,5.0,4.0,3.1,3.5,2.5,3.0,3.0,3.8333333333333335,4.625
R138,Yes,Yes,Male,25-34,Bachelor/HND,Insurance/investment/other licensed financial institution,Relationship/Marketing,6-10,Yes,1,No,Yes,4.0,3.0,3.0,3.0,3.0,3.0,4.0,4.0,4.0,4.0,3.0,3.0,2.0,2.0,2.0,2.0,3.0,3.0,1.0,2.0,2.0,2.0,2.0,3.0,2.0,2.0,4.0,3.0,3.0,3.0,3.0,3.0,4.0,3.0,3.0,3.0,2.0,3.0,3.0,2.0,2.0,2.0,2.0,3.0,5.0,3.0,5.0,4.0,4.0,5.0,4.0,4.0,4.0,5.0,4.0,4.0,4.0,3.5,2.5,2.0,3.2222222222222223,2.375,4.0,4.25
R139,Yes,Yes,Female,35-44,Bachelor/HND,Fintech/payment provider,Digital Banking/Product,11-15,Yes,2,No,Yes,2.0,3.0,3.0,1.0,3.0,2.0,2.0,2.0,3.0,3.0,3.0,,4.0,3.0,4.0,4.0,4.0,3.0,2.0,,3.0,4.0,5.0,4.0,4.0,3.0,4.0,4.0,3.0,3.0,3.0,3.0,3.0,2.0,2.0,3.0,4.0,4.0,3.0,4.0,4.0,4.0,4.0,,4.0,2.0,4.0,3.0,4.0,4.0,3.0,3.0,4.0,3.0,2.0,3.0,3.0,2.4,3.5714285714285716,3.5714285714285716,3.0,3.75,3.4,3.125
R140,Yes,Yes,Male,18-24,Master's,Insurance/investment/other licensed financial institution,IT/Technology,6-10,Yes,1,Yes,Yes,2.0,3.0,,2.0,2.0,3.0,2.0,2.0,3.0,2.0,4.0,3.0,3.0,3.0,3.0,3.0,4.0,3.0,2.0,3.0,3.0,2.0,3.0,3.0,3.0,3.0,5.0,4.0,4.0,3.0,4.0,4.0,4.0,4.0,5.0,4.0,4.0,5.0,3.0,5.0,4.0,4.0,3.0,3.0,4.0,3.0,3.0,3.0,3.0,2.0,2.0,2.0,2.0,4.0,3.0,3.0,1.0,2.3333333333333335,3.25,2.75,4.111111111111111,4.0,3.1666666666666665,2.375
R141,Yes,Yes,Male,45-54,Bachelor/HND,Commercial bank,Data/Analytics/AI,2-5,Yes,3,Yes,Yes,5.0,3.0,5.0,4.0,4.0,3.0,2.0,5.0,5.0,4.0,2.0,3.0,3.0,2.0,3.0,3.0,2.0,3.0,2.0,3.0,2.0,3.0,1.0,4.0,3.0,2.0,2.0,2.0,2.0,2.0,3.0,4.0,4.0,2.0,3.0,3.0,2.0,3.0,3.0,5.0,2.0,3.0,2.0,3.0,4.0,2.0,4.0,2.0,4.0,4.0,3.0,5.0,4.0,4.0,3.0,4.0,4.0,4.0,2.625,2.5,2.6666666666666665,2.875,3.1666666666666665,3.875
R142,Yes,Yes,Female,45-54,Other,Microfinance bank,Other,11-15,Yes,3,Yes,Yes,3.0,2.0,2.0,2.0,2.0,3.0,1.0,1.0,3.0,1.0,2.0,2.0,3.0,2.0,2.0,2.0,3.0,3.0,1.0,3.0,2.0,2.0,2.0,3.0,3.0,2.0,3.0,4.0,5.0,2.0,5.0,4.0,5.0,3.0,4.0,2.0,2.0,2.0,2.0,3.0,2.0,3.0,,4.0,4.0,2.0,4.0,4.0,4.0,4.0,3.0,4.0,4.0,4.0,3.0,4.0,4.0,2.0,2.375,2.25,3.888888888888889,2.2857142857142856,3.6666666666666665,3.75
R143,Yes,Yes,Male,35-44,Bachelor/HND,Fintech/payment provider,Data/Analytics/AI,Less than 2,Yes,4,No,Yes,3.0,3.0,4.0,2.0,3.0,3.0,3.0,4.0,3.0,3.0,3.0,3.0,4.0,3.0,2.0,2.0,5.0,4.0,3.0,4.0,2.0,4.0,4.0,5.0,4.0,4.0,4.0,3.0,2.0,3.0,3.0,3.0,2.0,2.0,3.0,3.0,3.0,3.0,3.0,5.0,4.0,4.0,4.0,3.0,4.0,4.0,3.0,2.0,3.0,2.0,1.0,3.0,1.0,1.0,1.0,1.0,1.0,3.1,3.25,3.75,2.7777777777777777,3.625,3.1666666666666665,1.375
R144,Yes,Yes,Male,25-34,Diploma/OND/NCE,Digital bank/neobank,Digital Banking/Product,Less than 2,Yes,2,Yes,Yes,3.0,3.0,4.0,3.0,2.0,3.0,2.0,4.0,4.0,3.0,4.0,4.0,5.0,3.0,3.0,5.0,,4.0,2.0,3.0,2.0,4.0,3.0,2.0,2.0,2.0,5.0,5.0,3.0,3.0,5.0,5.0,3.0,4.0,4.0,2.0,2.0,3.0,1.0,3.0,2.0,3.0,3.0,3.0,4.0,2.0,5.0,3.0,1.0,4.0,4.0,4.0,3.0,4.0,4.0,4.0,4.0,3.1,4.0,2.5,4.111111111111111,2.375,3.0,3.875
R145,Yes,Yes,Male,25-34,Master's,Fintech/payment provider,Other,11-15,Yes,2,No,Yes,3.0,4.0,3.0,2.0,,3.0,3.0,3.0,3.0,3.0,4.0,5.0,4.0,2.0,3.0,3.0,4.0,5.0,5.0,5.0,4.0,5.0,5.0,5.0,5.0,5.0,4.0,3.0,4.0,3.0,4.0,4.0,4.0,4.0,4.0,5.0,4.0,4.0,4.0,4.0,5.0,3.0,3.0,3.0,3.0,3.0,4.0,3.0,2.0,3.0,4.0,4.0,4.0,3.0,3.0,4.0,3.0,3.0,3.75,4.875,3.7777777777777777,4.0,3.0,3.5
R146,Yes,Yes,Male,25-34,Doctorate,Insurance/investment/other licensed financial institution,Risk/Compliance,Less than 2,Yes,2,Yes,Yes,2.0,3.0,4.0,4.0,1.0,3.0,2.0,2.0,3.0,2.0,3.0,2.0,2.0,1.0,1.0,2.0,3.0,1.0,1.0,2.0,2.0,2.0,2.0,2.0,2.0,2.0,3.0,2.0,3.0,2.0,3.0,2.0,3.0,2.0,2.0,2.0,1.0,1.0,1.0,3.0,3.0,1.0,1.0,2.0,3.0,2.0,3.0,3.0,3.0,2.0,3.0,4.0,1.0,3.0,2.0,4.0,3.0,2.6,1.875,1.875,2.4444444444444446,1.625,2.6666666666666665,2.75
R147,Yes,Yes,Female,25-34,Master's,Merchant bank,IT/Technology,Less than 2,Yes,3,Yes,Yes,3.0,3.0,5.0,3.0,4.0,3.0,4.0,4.0,4.0,4.0,,4.0,4.0,2.0,3.0,4.0,4.0,2.0,3.0,4.0,3.0,4.0,3.0,4.0,3.0,,4.0,3.0,3.0,1.0,4.0,4.0,3.0,3.0,3.0,2.0,2.0,2.0,2.0,3.0,2.0,3.0,2.0,4.0,5.0,3.0,4.0,4.0,3.0,2.0,3.0,3.0,3.0,3.0,2.0,3.0,3.0,3.7,3.2857142857142856,3.4285714285714284,3.111111111111111,2.25,3.8333333333333335,2.75
R148,Yes,Yes,Male,55 or above,Master's,Commercial bank,Data/Analytics/AI,6-10,Yes,1,No,Yes,3.0,2.0,3.0,2.0,3.0,5.0,3.0,3.0,4.0,3.0,3.0,3.0,3.0,3.0,3.0,3.0,3.0,4.0,2.0,5.0,3.0,4.0,4.0,4.0,5.0,3.0,3.0,1.0,3.0,2.0,,3.0,3.0,3.0,3.0,2.0,2.0,2.0,3.0,2.0,1.0,3.0,2.0,3.0,4.0,3.0,4.0,3.0,3.0,4.0,4.0,4.0,3.0,5.0,4.0,2.0,3.0,3.1,3.125,3.75,2.625,2.125,3.3333333333333335,3.625
R149,Yes,Yes,Male,35-44,Bachelor/HND,Digital bank/neobank,Management/Strategy,2-5,Yes,0,No,Yes,4.0,2.0,4.0,3.0,4.0,4.0,4.0,3.0,4.0,4.0,2.0,1.0,2.0,2.0,1.0,2.0,2.0,1.0,1.0,,3.0,2.0,2.0,3.0,2.0,2.0,3.0,1.0,3.0,1.0,2.0,2.0,1.0,2.0,3.0,2.0,2.0,3.0,1.0,2.0,3.0,2.0,2.0,3.0,3.0,1.0,1.0,1.0,2.0,4.0,2.0,3.0,3.0,3.0,3.0,4.0,3.0,3.6,1.625,2.142857142857143,2.0,2.125,1.8333333333333333,3.125
R150,Yes,Yes,Female,25-34,Diploma/OND/NCE,Commercial bank,Digital Banking/Product,Less than 2,Yes,2,No,Yes,2.0,,2.0,2.0,3.0,2.0,2.0,2.0,3.0,1.0,1.0,2.0,2.0,2.0,1.0,2.0,2.0,3.0,2.0,2.0,1.0,2.0,2.0,2.0,1.0,1.0,3.0,3.0,2.0,2.0,4.0,1.0,3.0,2.0,4.0,3.0,2.0,2.0,1.0,4.0,2.0,2.0,3.0,2.0,3.0,2.0,3.0,4.0,2.0,2.0,2.0,2.0,3.0,3.0,3.0,3.0,2.0,2.111111111111111,1.875,1.625,2.6666666666666665,2.375,2.6666666666666665,2.5
R151,Yes,Yes,Female,35-44,Bachelor/HND,Microfinance bank,Data/Analytics/AI,11-15,Yes,3,No,Yes,4.0,4.0,4.0,3.0,3.0,3.0,3.0,3.0,4.0,4.0,3.0,2.0,3.0,1.0,3.0,3.0,2.0,2.0,2.0,2.0,2.0,2.0,1.0,1.0,3.0,3.0,5.0,4.0,4.0,4.0,5.0,4.0,4.0,4.0,5.0,2.0,2.0,2.0,3.0,4.0,3.0,4.0,2.0,2.0,2.0,1.0,2.0,2.0,2.0,3.0,3.0,3.0,2.0,3.0,4.0,3.0,3.0,3.5,2.375,2.0,4.333333333333333,2.75,1.8333333333333333,3.0
R152,Yes,Yes,Male,35-44,Master's,Fintech/payment provider,Customer Experience/Service,2-5,Yes,0,No,Yes,4.0,4.0,5.0,4.0,4.0,5.0,4.0,4.0,4.0,4.0,3.0,2.0,3.0,3.0,3.0,3.0,3.0,2.0,1.0,1.0,2.0,3.0,2.0,2.0,1.0,2.0,4.0,3.0,4.0,4.0,4.0,5.0,4.0,4.0,3.0,2.0,3.0,3.0,1.0,2.0,2.0,1.0,2.0,2.0,3.0,2.0,4.0,2.0,3.0,5.0,3.0,4.0,4.0,3.0,4.0,4.0,2.0,4.2,2.75,1.75,3.888888888888889,2.0,2.6666666666666665,3.625
R153,Yes,Yes,Male,25-34,Postgraduate Diploma,Merchant bank,Data/Analytics/AI,2-5,Yes,0,No,Yes,4.0,4.0,4.0,3.0,3.0,4.0,3.0,3.0,5.0,4.0,3.0,3.0,3.0,,4.0,4.0,4.0,5.0,2.0,2.0,2.0,3.0,2.0,2.0,3.0,1.0,4.0,2.0,4.0,2.0,4.0,2.0,3.0,3.0,4.0,4.0,4.0,4.0,4.0,4.0,4.0,4.0,2.0,3.0,3.0,3.0,,3.0,2.0,1.0,2.0,2.0,1.0,3.0,2.0,3.0,,3.7,3.7142857142857144,2.125,3.111111111111111,3.75,2.8,2.0
R154,Yes,Yes,Male,25-34,Master's,Commercial bank,Risk/Compliance,2-5,Yes,2,Yes,Yes,1.0,2.0,2.0,2.0,2.0,2.0,2.0,2.0,3.0,2.0,3.0,3.0,3.0,4.0,4.0,4.0,3.0,4.0,5.0,5.0,4.0,5.0,5.0,4.0,5.0,5.0,4.0,4.0,5.0,3.0,4.0,4.0,4.0,4.0,4.0,3.0,4.0,3.0,3.0,5.0,3.0,3.0,2.0,3.0,4.0,2.0,3.0,,4.0,3.0,3.0,4.0,4.0,3.0,2.0,4.0,3.0,2.0,3.5,4.75,4.0,3.25,3.2,3.25
R155,Yes,Yes,Male,25-34,Bachelor/HND,Commercial bank,Management/Strategy,6-10,Yes,2,Yes,Yes,3.0,3.0,3.0,1.0,2.0,1.0,2.0,3.0,2.0,3.0,4.0,3.0,5.0,4.0,4.0,4.0,2.0,,4.0,5.0,4.0,5.0,3.0,4.0,5.0,4.0,3.0,3.0,4.0,3.0,3.0,3.0,3.0,3.0,4.0,5.0,3.0,5.0,,5.0,5.0,4.0,5.0,2.0,3.0,3.0,5.0,2.0,3.0,3.0,3.0,3.0,3.0,3.0,3.0,3.0,2.0,2.3,3.7142857142857144,4.25,3.2222222222222223,4.571428571428571,3.0,2.875
R156,Yes,Yes,Female,35-44,Diploma/OND/NCE,Insurance/investment/other licensed financial institution,Other,6-10,Yes,3,Yes,Yes,3.0,3.0,2.0,2.0,3.0,4.0,2.0,2.0,3.0,4.0,5.0,4.0,4.0,3.0,4.0,3.0,4.0,4.0,3.0,2.0,2.0,2.0,2.0,,4.0,3.0,5.0,,5.0,3.0,4.0,5.0,5.0,4.0,5.0,3.0,3.0,3.0,4.0,3.0,3.0,3.0,2.0,3.0,5.0,3.0,4.0,4.0,2.0,3.0,3.0,4.0,4.0,3.0,4.0,4.0,4.0,2.8,3.875,2.5714285714285716,4.5,3.0,3.5,3.625
R157,Yes,Yes,Female,45-54,Other,Commercial bank,IT/Technology,Less than 2,Yes,1,Do not know,Yes,4.0,2.0,3.0,3.0,2.0,3.0,1.0,3.0,2.0,2.0,3.0,3.0,5.0,3.0,3.0,4.0,3.0,3.0,3.0,4.0,3.0,4.0,3.0,4.0,3.0,4.0,3.0,4.0,4.0,4.0,,3.0,4.0,2.0,3.0,2.0,3.0,3.0,3.0,4.0,3.0,4.0,3.0,3.0,3.0,1.0,4.0,2.0,3.0,2.0,3.0,4.0,3.0,3.0,2.0,4.0,2.0,2.5,3.375,3.5,3.375,3.125,2.6666666666666665,2.875
R158,Yes,Yes,Female,35-44,Bachelor/HND,Fintech/payment provider,Customer Experience/Service,2-5,Yes,1,Do not know,Yes,4.0,3.0,4.0,3.0,4.0,3.0,3.0,4.0,4.0,4.0,2.0,3.0,4.0,2.0,3.0,2.0,3.0,3.0,3.0,3.0,3.0,5.0,2.0,3.0,2.0,4.0,2.0,2.0,2.0,1.0,2.0,3.0,2.0,2.0,3.0,4.0,3.0,4.0,3.0,4.0,3.0,1.0,4.0,3.0,4.0,2.0,4.0,3.0,2.0,3.0,2.0,4.0,3.0,3.0,3.0,3.0,3.0,3.6,2.75,3.125,2.111111111111111,3.25,3.0,3.0
R159,Yes,Yes,Female,25-34,Bachelor/HND,Commercial bank,Management/Strategy,Less than 2,Yes,3,Yes,Yes,5.0,5.0,4.0,5.0,5.0,5.0,4.0,5.0,5.0,4.0,3.0,3.0,3.0,2.0,,2.0,4.0,2.0,4.0,3.0,2.0,5.0,3.0,4.0,4.0,3.0,5.0,4.0,3.0,3.0,3.0,4.0,4.0,3.0,4.0,3.0,4.0,4.0,3.0,,4.0,3.0,4.0,3.0,4.0,3.0,4.0,3.0,3.0,3.0,,3.0,3.0,4.0,4.0,4.0,3.0,4.7,2.7142857142857144,3.5,3.6666666666666665,3.5714285714285716,3.3333333333333335,3.4285714285714284
R160,Yes,Yes,Male,45-54,Other,Microfinance bank,Management/Strategy,11-15,Yes,2,No,Yes,3.0,1.0,2.0,2.0,1.0,3.0,2.0,2.0,2.0,2.0,3.0,2.0,3.0,2.0,2.0,3.0,2.0,2.0,3.0,2.0,3.0,3.0,2.0,4.0,2.0,3.0,4.0,2.0,3.0,2.0,3.0,1.0,3.0,2.0,3.0,3.0,2.0,2.0,2.0,,2.0,2.0,1.0,3.0,3.0,3.0,4.0,3.0,3.0,5.0,3.0,4.0,3.0,4.0,3.0,3.0,2.0,2.0,2.375,2.75,2.5555555555555554,2.0,3.1666666666666665,3.375
R161,Yes,Yes,Female,35-44,Diploma/OND/NCE,Commercial bank,IT/Technology,6-10,Yes,3,Yes,Yes,3.0,4.0,3.0,3.0,3.0,4.0,2.0,3.0,4.0,3.0,3.0,3.0,4.0,3.0,3.0,3.0,3.0,3.0,3.0,3.0,3.0,5.0,4.0,4.0,3.0,3.0,2.0,3.0,2.0,2.0,4.0,2.0,2.0,2.0,4.0,3.0,3.0,4.0,3.0,3.0,4.0,3.0,3.0,3.0,4.0,3.0,5.0,5.0,4.0,4.0,3.0,4.0,4.0,5.0,5.0,4.0,4.0,3.2,3.125,3.5,2.5555555555555554,3.25,4.0,4.125
R162,Yes,Yes,Female,45-54,Bachelor/HND,Fintech/payment provider,Relationship/Marketing,6-10,Yes,0,Do not know,Yes,2.0,3.0,3.0,1.0,1.0,3.0,2.0,2.0,3.0,1.0,3.0,3.0,5.0,4.0,3.0,3.0,3.0,3.0,3.0,4.0,3.0,4.0,,3.0,2.0,2.0,3.0,3.0,4.0,3.0,2.0,2.0,3.0,3.0,3.0,4.0,2.0,3.0,2.0,3.0,2.0,2.0,2.0,2.0,2.0,3.0,3.0,3.0,3.0,4.0,2.0,3.0,1.0,3.0,4.0,3.0,2.0,2.1,3.375,3.0,2.888888888888889,2.5,2.6666666666666665,2.75
R163,Yes,Yes,Male,25-34,Master's,Commercial bank,IT/Technology,2-5,Yes,0,No,Yes,1.0,2.0,2.0,2.0,2.0,2.0,1.0,2.0,2.0,,4.0,4.0,3.0,2.0,4.0,3.0,3.0,3.0,2.0,3.0,2.0,2.0,,2.0,2.0,3.0,4.0,4.0,3.0,,4.0,4.0,3.0,3.0,4.0,3.0,2.0,2.0,3.0,3.0,3.0,3.0,2.0,3.0,2.0,1.0,2.0,2.0,3.0,3.0,2.0,3.0,3.0,3.0,4.0,3.0,3.0,1.7777777777777777,3.25,2.2857142857142856,3.625,2.625,2.1666666666666665,3.0
R164,Yes,Yes,Male,25-34,Diploma/OND/NCE,Digital bank/neobank,Management/Strategy,6-10,Yes,1,No,Yes,4.0,4.0,4.0,4.0,5.0,3.0,3.0,3.0,4.0,4.0,4.0,1.0,2.0,2.0,1.0,2.0,3.0,1.0,3.0,3.0,2.0,4.0,2.0,3.0,3.0,3.0,4.0,4.0,3.0,3.0,4.0,3.0,4.0,3.0,3.0,4.0,3.0,3.0,3.0,3.0,3.0,4.0,3.0,3.0,3.0,2.0,4.0,4.0,4.0,4.0,3.0,4.0,4.0,3.0,3.0,5.0,4.0,3.8,2.0,2.875,3.4444444444444446,3.25,3.3333333333333335,3.75
R165,Yes,Yes,Female,25-34,Postgraduate Diploma,Insurance/investment/other licensed financial institution,Relationship/Marketing,2-5,Yes,3,Yes,Yes,5.0,2.0,4.0,2.0,2.0,3.0,2.0,,4.0,3.0,3.0,1.0,4.0,2.0,2.0,3.0,3.0,3.0,2.0,3.0,2.0,4.0,4.0,4.0,4.0,3.0,2.0,2.0,2.0,2.0,3.0,2.0,3.0,2.0,3.0,4.0,3.0,3.0,3.0,4.0,5.0,4.0,3.0,3.0,3.0,3.0,4.0,3.0,4.0,3.0,1.0,3.0,3.0,,,3.0,2.0,3.0,2.625,3.25,2.3333333333333335,3.625,3.3333333333333335,
R166,Yes,Yes,Male,35-44,Postgraduate Diploma,Merchant bank,Customer Experience/Service,6-10,Yes,3,Yes,Yes,3.0,4.0,5.0,2.0,4.0,3.0,3.0,4.0,3.0,3.0,3.0,3.0,4.0,2.0,3.0,3.0,3.0,3.0,2.0,3.0,2.0,3.0,2.0,3.0,3.0,3.0,3.0,2.0,3.0,2.0,4.0,4.0,2.0,2.0,3.0,3.0,2.0,3.0,1.0,2.0,3.0,4.0,1.0,3.0,4.0,2.0,4.0,4.0,2.0,4.0,2.0,1.0,4.0,3.0,3.0,3.0,,3.4,3.0,2.625,2.7777777777777777,2.375,3.1666666666666665,2.857142857142857
R167,Yes,Yes,Male,18-24,Master's,Commercial bank,Digital Banking/Product,Less than 2,Yes,4,No,Yes,4.0,3.0,3.0,4.0,3.0,2.0,3.0,2.0,4.0,3.0,3.0,2.0,3.0,3.0,2.0,4.0,3.0,3.0,3.0,4.0,3.0,3.0,3.0,4.0,3.0,5.0,3.0,3.0,,4.0,4.0,4.0,5.0,5.0,4.0,4.0,3.0,3.0,3.0,3.0,3.0,3.0,2.0,2.0,3.0,2.0,3.0,2.0,2.0,2.0,2.0,2.0,1.0,3.0,1.0,3.0,2.0,3.1,2.875,3.5,4.0,3.0,2.3333333333333335,2.0
R168,Yes,Yes,Male,35-44,Bachelor/HND,Commercial bank,IT/Technology,2-5,Yes,1,Yes,Yes,4.0,4.0,4.0,2.0,,3.0,1.0,4.0,3.0,2.0,2.0,1.0,1.0,1.0,2.0,3.0,3.0,2.0,2.0,4.0,3.0,3.0,3.0,4.0,2.0,4.0,4.0,2.0,3.0,3.0,1.0,3.0,3.0,3.0,,3.0,3.0,4.0,2.0,3.0,2.0,3.0,4.0,2.0,3.0,3.0,2.0,4.0,3.0,3.0,2.0,3.0,2.0,2.0,3.0,3.0,2.0,3.0,1.875,3.125,2.75,3.0,2.8333333333333335,2.5
R169,Yes,Yes,Male,25-34,Master's,Fintech/payment provider,Other,Less than 2,Yes,3,Yes,Yes,3.0,1.0,4.0,3.0,2.0,2.0,2.0,2.0,2.0,2.0,4.0,4.0,4.0,3.0,3.0,3.0,5.0,4.0,1.0,3.0,2.0,2.0,2.0,4.0,3.0,3.0,4.0,4.0,4.0,3.0,4.0,5.0,5.0,3.0,4.0,4.0,3.0,3.0,2.0,4.0,3.0,3.0,5.0,4.0,4.0,4.0,2.0,5.0,4.0,3.0,2.0,3.0,3.0,4.0,3.0,3.0,2.0,2.3,3.75,2.5,4.0,3.375,3.8333333333333335,2.875
R170,Yes,Yes,Male,25-34,Bachelor/HND,Digital bank/neobank,IT/Technology,11-15,Yes,1,Yes,Yes,3.0,3.0,4.0,3.0,3.0,3.0,3.0,3.0,3.0,3.0,2.0,2.0,3.0,3.0,3.0,2.0,3.0,3.0,2.0,3.0,3.0,3.0,5.0,3.0,3.0,4.0,2.0,1.0,2.0,,1.0,1.0,1.0,1.0,2.0,2.0,2.0,2.0,1.0,2.0,1.0,1.0,1.0,2.0,3.0,1.0,2.0,2.0,2.0,,2.0,4.0,4.0,4.0,4.0,3.0,4.0,3.1,2.625,3.25,1.375,1.5,2.0,3.5714285714285716
R171,Yes,Yes,Female,45-54,Master's,Commercial bank,Data/Analytics/AI,6-10,Yes,3,Yes,Yes,3.0,4.0,3.0,3.0,2.0,3.0,2.0,3.0,4.0,4.0,2.0,2.0,3.0,2.0,3.0,2.0,2.0,1.0,3.0,,3.0,3.0,2.0,2.0,3.0,2.0,3.0,2.0,2.0,2.0,3.0,2.0,3.0,2.0,2.0,2.0,3.0,2.0,2.0,1.0,1.0,1.0,1.0,3.0,3.0,3.0,5.0,5.0,3.0,4.0,2.0,3.0,3.0,4.0,3.0,4.0,2.0,3.1,2.125,2.5714285714285716,2.3333333333333335,1.625,3.6666666666666665,3.125
R172,Yes,Yes,Male,45-54,Bachelor/HND,Commercial bank,Relationship/Marketing,6-10,Yes,1,No,Yes,3.0,3.0,3.0,3.0,3.0,3.0,2.0,3.0,3.0,2.0,2.0,2.0,2.0,2.0,3.0,3.0,3.0,2.0,2.0,3.0,3.0,4.0,2.0,3.0,4.0,3.0,4.0,,3.0,2.0,4.0,2.0,4.0,2.0,3.0,3.0,3.0,2.0,2.0,3.0,2.0,2.0,2.0,2.0,2.0,2.0,2.0,2.0,2.0,4.0,,3.0,3.0,2.0,3.0,4.0,2.0,2.8,2.375,3.0,3.0,2.375,2.0,3.0
R173,Yes,Yes,Male,35-44,Master's,Fintech/payment provider,Management/Strategy,Less than 2,Yes,3,Yes,Yes,3.0,2.0,4.0,2.0,4.0,3.0,3.0,2.0,3.0,4.0,4.0,3.0,4.0,2.0,3.0,3.0,4.0,2.0,2.0,4.0,2.0,2.0,3.0,4.0,3.0,3.0,4.0,3.0,5.0,3.0,3.0,3.0,4.0,4.0,3.0,4.0,4.0,4.0,3.0,4.0,3.0,5.0,3.0,4.0,3.0,4.0,4.0,4.0,4.0,5.0,4.0,5.0,4.0,4.0,5.0,5.0,4.0,3.0,3.125,2.875,3.5555555555555554,3.75,3.8333333333333335,4.5
R174,Yes,Yes,Female,25-34,Postgraduate Diploma,Digital bank/neobank,Digital Banking/Product,11-15,Yes,0,No,Yes,4.0,3.0,2.0,2.0,3.0,2.0,2.0,2.0,4.0,2.0,1.0,1.0,2.0,1.0,1.0,3.0,2.0,1.0,2.0,3.0,2.0,3.0,2.0,2.0,2.0,2.0,3.0,3.0,3.0,1.0,3.0,2.0,1.0,3.0,2.0,1.0,2.0,2.0,2.0,3.0,2.0,1.0,2.0,1.0,2.0,2.0,2.0,2.0,2.0,5.0,4.0,4.0,3.0,4.0,4.0,5.0,4.0,2.6,1.5,2.25,2.3333333333333335,1.875,1.8333333333333333,4.125
R175,Yes,Yes,Male,55 or above,Master's,Commercial bank,IT/Technology,6-10,Yes,1,No,Yes,3.0,4.0,4.0,2.0,3.0,4.0,3.0,3.0,3.0,3.0,3.0,4.0,4.0,3.0,4.0,4.0,3.0,3.0,3.0,,2.0,3.0,2.0,4.0,3.0,1.0,,3.0,4.0,2.0,3.0,4.0,3.0,3.0,3.0,3.0,2.0,3.0,3.0,4.0,4.0,4.0,2.0,3.0,3.0,1.0,3.0,3.0,2.0,3.0,3.0,3.0,1.0,2.0,3.0,2.0,2.0,3.2,3.5,2.5714285714285716,3.125,3.125,2.5,2.375
R176,Yes,Yes,Male,25-34,Postgraduate Diploma,Commercial bank,Customer Experience/Service,6-10,Yes,0,Yes,Yes,,3.0,4.0,2.0,3.0,4.0,3.0,3.0,4.0,3.0,3.0,3.0,3.0,2.0,3.0,3.0,4.0,2.0,3.0,3.0,2.0,4.0,3.0,3.0,3.0,2.0,3.0,2.0,1.0,3.0,2.0,2.0,4.0,4.0,3.0,5.0,2.0,3.0,3.0,4.0,3.0,4.0,3.0,2.0,2.0,2.0,4.0,2.0,2.0,3.0,4.0,4.0,2.0,2.0,2.0,4.0,2.0,3.2222222222222223,2.875,2.875,2.6666666666666665,3.375,2.3333333333333335,2.875
R177,Yes,Yes,Male,18-24,Bachelor/HND,Microfinance bank,Customer Experience/Service,6-10,Yes,4,Yes,Yes,4.0,3.0,5.0,3.0,3.0,3.0,2.0,3.0,4.0,2.0,4.0,3.0,5.0,3.0,4.0,,5.0,4.0,4.0,5.0,4.0,5.0,5.0,5.0,4.0,4.0,4.0,5.0,3.0,3.0,5.0,3.0,3.0,4.0,5.0,4.0,4.0,5.0,4.0,5.0,4.0,3.0,5.0,3.0,4.0,3.0,4.0,4.0,3.0,3.0,1.0,5.0,2.0,2.0,3.0,3.0,1.0,3.2,4.0,4.5,3.888888888888889,4.25,3.5,2.5
R178,Yes,Yes,Female,35-44,Bachelor/HND,Commercial bank,Management/Strategy,16 or more,Yes,3,Yes,Yes,1.0,1.0,3.0,1.0,2.0,1.0,1.0,1.0,3.0,2.0,4.0,3.0,4.0,3.0,4.0,,3.0,4.0,3.0,3.0,3.0,3.0,3.0,3.0,4.0,4.0,5.0,4.0,4.0,3.0,5.0,4.0,5.0,3.0,4.0,3.0,3.0,4.0,4.0,5.0,4.0,3.0,4.0,4.0,4.0,4.0,4.0,3.0,4.0,1.0,3.0,2.0,2.0,2.0,2.0,2.0,1.0,1.6,3.5714285714285716,3.25,4.111111111111111,3.75,3.8333333333333335,1.875
R179,Yes,Yes,Male,25-34,Bachelor/HND,Fintech/payment provider,IT/Technology,11-15,Yes,1,No,Yes,4.0,3.0,3.0,2.0,2.0,3.0,3.0,3.0,2.0,1.0,1.0,3.0,2.0,2.0,3.0,2.0,3.0,1.0,2.0,2.0,2.0,3.0,3.0,2.0,2.0,3.0,3.0,4.0,3.0,2.0,3.0,2.0,2.0,1.0,3.0,2.0,1.0,2.0,2.0,3.0,3.0,3.0,1.0,4.0,3.0,3.0,2.0,4.0,3.0,2.0,2.0,4.0,3.0,3.0,3.0,3.0,3.0,2.6,2.125,2.375,2.5555555555555554,2.125,3.1666666666666665,2.875
R180,Yes,Yes,Female,18-24,Postgraduate Diploma,Microfinance bank,Risk/Compliance,11-15,Yes,2,Yes,Yes,1.0,2.0,2.0,1.0,1.0,2.0,1.0,2.0,2.0,1.0,2.0,3.0,2.0,3.0,3.0,,3.0,3.0,2.0,2.0,2.0,3.0,2.0,2.0,1.0,1.0,4.0,2.0,4.0,4.0,5.0,3.0,5.0,4.0,4.0,2.0,1.0,3.0,2.0,2.0,1.0,1.0,2.0,2.0,3.0,1.0,3.0,2.0,3.0,4.0,3.0,4.0,3.0,4.0,4.0,4.0,3.0,1.5,2.7142857142857144,1.875,3.888888888888889,1.75,2.3333333333333335,3.625
R181,Yes,Yes,Male,18-24,Master's,Commercial bank,Other,2-5,Yes,3,Yes,Yes,2.0,2.0,3.0,2.0,2.0,2.0,2.0,4.0,3.0,2.0,3.0,4.0,4.0,4.0,4.0,4.0,5.0,3.0,5.0,5.0,5.0,5.0,5.0,4.0,5.0,5.0,2.0,2.0,2.0,3.0,2.0,2.0,,2.0,3.0,5.0,3.0,4.0,4.0,5.0,4.0,4.0,4.0,4.0,3.0,3.0,4.0,4.0,4.0,1.0,2.0,3.0,2.0,3.0,2.0,3.0,2.0,2.4,3.875,4.875,2.25,4.125,3.6666666666666665,2.25
R182,Yes,Yes,Female,18-24,Postgraduate Diploma,Commercial bank,IT/Technology,16 or more,Yes,2,Yes,Yes,3.0,2.0,3.0,3.0,3.0,2.0,1.0,3.0,3.0,3.0,4.0,3.0,4.0,3.0,4.0,3.0,4.0,3.0,4.0,4.0,4.0,4.0,4.0,3.0,4.0,3.0,4.0,2.0,3.0,2.0,4.0,3.0,3.0,3.0,3.0,5.0,3.0,4.0,2.0,4.0,4.0,4.0,3.0,2.0,3.0,2.0,3.0,3.0,2.0,3.0,1.0,2.0,1.0,2.0,2.0,4.0,2.0,2.6,3.5,3.75,3.0,3.625,2.5,2.125
R183,Yes,Yes,Male,45-54,Doctorate,Commercial bank,Data/Analytics/AI,16 or more,Yes,2,Yes,Yes,3.0,,2.0,1.0,2.0,2.0,1.0,,2.0,1.0,3.0,2.0,3.0,2.0,3.0,3.0,4.0,3.0,3.0,2.0,2.0,4.0,3.0,3.0,4.0,3.0,3.0,2.0,2.0,2.0,4.0,4.0,5.0,3.0,5.0,4.0,,4.0,4.0,5.0,4.0,3.0,4.0,3.0,3.0,2.0,3.0,3.0,,1.0,1.0,2.0,,3.0,3.0,3.0,3.0,1.75,2.875,3.0,3.3333333333333335,4.0,2.8,2.2857142857142856
R184,Yes,Yes,Female,35-44,Diploma/OND/NCE,Fintech/payment provider,Relationship/Marketing,6-10,Yes,0,Yes,Yes,4.0,2.0,3.0,4.0,2.0,4.0,2.0,3.0,3.0,2.0,3.0,4.0,3.0,4.0,4.0,2.0,3.0,3.0,3.0,4.0,3.0,4.0,3.0,3.0,3.0,3.0,,3.0,4.0,3.0,3.0,3.0,3.0,2.0,4.0,2.0,3.0,2.0,2.0,2.0,2.0,3.0,3.0,,3.0,2.0,3.0,2.0,3.0,3.0,2.0,5.0,4.0,3.0,3.0,3.0,3.0,2.9,3.25,3.25,3.125,2.375,2.6,3.25
R185,Yes,Yes,Male,25-34,Bachelor/HND,Digital bank/neobank,Management/Strategy,6-10,Yes,2,Yes,Yes,2.0,2.0,3.0,2.0,3.0,3.0,1.0,2.0,2.0,3.0,3.0,2.0,4.0,2.0,3.0,3.0,4.0,2.0,3.0,4.0,3.0,4.0,3.0,3.0,3.0,2.0,4.0,4.0,4.0,3.0,2.0,3.0,4.0,3.0,4.0,3.0,3.0,3.0,3.0,3.0,3.0,3.0,4.0,2.0,2.0,1.0,4.0,1.0,1.0,4.0,3.0,1.0,2.0,3.0,2.0,2.0,2.0,2.3,2.875,3.125,3.4444444444444446,3.125,1.8333333333333333,2.375
R186,Yes,Yes,Female,35-44,Bachelor/HND,Fintech/payment provider,Other,6-10,Yes,1,No,Yes,2.0,1.0,2.0,1.0,2.0,1.0,3.0,2.0,1.0,1.0,3.0,3.0,4.0,2.0,2.0,3.0,4.0,3.0,3.0,2.0,2.0,2.0,2.0,3.0,2.0,2.0,2.0,,2.0,,3.0,2.0,2.0,1.0,2.0,2.0,1.0,3.0,2.0,2.0,1.0,2.0,1.0,4.0,,2.0,4.0,3.0,3.0,4.0,3.0,5.0,3.0,5.0,2.0,5.0,3.0,1.6,3.0,2.25,,1.75,3.2,3.75
R187,Yes,Yes,Male,35-44,Bachelor/HND,Digital bank/neobank,Other,6-10,Yes,2,Yes,Yes,3.0,3.0,4.0,3.0,3.0,,3.0,4.0,4.0,3.0,4.0,3.0,5.0,,4.0,5.0,4.0,4.0,4.0,4.0,3.0,4.0,3.0,3.0,4.0,3.0,4.0,4.0,4.0,3.0,4.0,4.0,3.0,4.0,4.0,4.0,4.0,4.0,3.0,5.0,5.0,4.0,5.0,3.0,2.0,2.0,3.0,3.0,1.0,3.0,3.0,3.0,3.0,2.0,4.0,3.0,,3.3333333333333335,4.142857142857143,3.5,3.7777777777777777,4.25,2.3333333333333335,3.0
R188,Yes,Yes,Male,35-44,Other,Digital bank/neobank,Data/Analytics/AI,Less than 2,Yes,4,Yes,Yes,2.0,2.0,2.0,2.0,3.0,2.0,1.0,4.0,3.0,1.0,4.0,4.0,4.0,5.0,4.0,4.0,5.0,4.0,4.0,3.0,4.0,4.0,3.0,5.0,3.0,3.0,3.0,3.0,3.0,2.0,3.0,2.0,3.0,3.0,2.0,5.0,4.0,3.0,3.0,4.0,4.0,5.0,3.0,5.0,4.0,3.0,4.0,3.0,3.0,3.0,2.0,3.0,2.0,,3.0,2.0,2.0,2.2,4.25,3.625,2.6666666666666665,3.875,3.6666666666666665,2.4285714285714284
R189,Yes,Yes,Male,18-24,Bachelor/HND,Commercial bank,Digital Banking/Product,11-15,Yes,2,No,Yes,3.0,3.0,4.0,,3.0,4.0,3.0,3.0,3.0,2.0,2.0,2.0,2.0,2.0,2.0,3.0,4.0,2.0,2.0,3.0,3.0,5.0,2.0,3.0,4.0,3.0,5.0,4.0,3.0,3.0,3.0,4.0,3.0,4.0,4.0,3.0,4.0,4.0,4.0,4.0,3.0,3.0,4.0,3.0,4.0,3.0,5.0,4.0,4.0,3.0,3.0,3.0,4.0,4.0,2.0,4.0,3.0,3.111111111111111,2.375,3.125,3.6666666666666665,3.625,3.8333333333333335,3.25
R190,Yes,Yes,Male,25-34,Postgraduate Diploma,Fintech/payment provider,Other,2-5,Yes,2,Yes,Yes,5.0,5.0,5.0,4.0,4.0,4.0,4.0,4.0,5.0,4.0,3.0,3.0,3.0,3.0,3.0,3.0,4.0,3.0,5.0,4.0,3.0,5.0,4.0,4.0,4.0,4.0,3.0,2.0,3.0,3.0,3.0,2.0,2.0,1.0,2.0,3.0,4.0,4.0,3.0,4.0,4.0,4.0,4.0,3.0,3.0,4.0,4.0,4.0,4.0,3.0,2.0,3.0,2.0,2.0,3.0,3.0,2.0,4.4,3.125,4.125,2.3333333333333335,3.75,3.6666666666666665,2.5
R191,Yes,Yes,Male,35-44,Bachelor/HND,Insurance/investment/other licensed financial institution,Data/Analytics/AI,11-15,Yes,4,Yes,Yes,4.0,3.0,4.0,2.0,4.0,3.0,3.0,3.0,3.0,3.0,3.0,2.0,3.0,2.0,3.0,2.0,3.0,2.0,,1.0,1.0,2.0,1.0,1.0,1.0,1.0,2.0,2.0,3.0,3.0,2.0,3.0,3.0,3.0,2.0,2.0,1.0,2.0,1.0,2.0,1.0,2.0,1.0,2.0,3.0,1.0,2.0,3.0,3.0,3.0,3.0,3.0,2.0,3.0,3.0,3.0,3.0,3.2,2.5,1.1428571428571428,2.5555555555555554,1.5,2.3333333333333335,2.875
R192,Yes,Yes,Female,45-54,Bachelor/HND,Fintech/payment provider,Relationship/Marketing,11-15,Yes,3,Do not know,Yes,2.0,2.0,2.0,2.0,3.0,1.0,3.0,3.0,2.0,2.0,2.0,2.0,3.0,1.0,2.0,3.0,3.0,3.0,2.0,3.0,1.0,3.0,2.0,2.0,2.0,2.0,4.0,3.0,3.0,3.0,3.0,2.0,2.0,2.0,3.0,2.0,2.0,2.0,3.0,3.0,2.0,2.0,2.0,4.0,4.0,4.0,5.0,4.0,4.0,4.0,4.0,4.0,3.0,3.0,4.0,4.0,3.0,2.2,2.375,2.125,2.7777777777777777,2.25,4.166666666666667,3.625
R193,Yes,Yes,Female,25-34,Bachelor/HND,Insurance/investment/other licensed financial institution,Data/Analytics/AI,Less than 2,Yes,1,No,Yes,4.0,3.0,4.0,3.0,2.0,3.0,3.0,3.0,3.0,3.0,4.0,4.0,5.0,3.0,4.0,4.0,3.0,2.0,5.0,5.0,4.0,5.0,5.0,5.0,4.0,4.0,3.0,1.0,3.0,3.0,3.0,3.0,2.0,3.0,3.0,4.0,3.0,4.0,3.0,5.0,4.0,3.0,4.0,4.0,3.0,5.0,5.0,4.0,2.0,2.0,2.0,3.0,2.0,3.0,2.0,,3.0,3.1,3.625,4.625,2.6666666666666665,3.75,3.8333333333333335,2.4285714285714284
R194,Yes,Yes,Female,25-34,Bachelor/HND,Insurance/investment/other licensed financial institution,Management/Strategy,11-15,Yes,2,Yes,Yes,4.0,3.0,4.0,2.0,3.0,4.0,3.0,4.0,3.0,3.0,4.0,2.0,5.0,3.0,3.0,4.0,3.0,3.0,3.0,4.0,2.0,4.0,3.0,3.0,3.0,2.0,4.0,3.0,3.0,2.0,3.0,2.0,3.0,2.0,3.0,3.0,2.0,3.0,2.0,2.0,3.0,3.0,2.0,4.0,4.0,4.0,4.0,5.0,4.0,2.0,2.0,3.0,2.0,1.0,1.0,2.0,2.0,3.3,3.375,3.0,2.7777777777777777,2.5,4.166666666666667,1.875
R195,Yes,Yes,Male,25-34,Bachelor/HND,Commercial bank,Relationship/Marketing,11-15,Yes,4,No,Yes,3.0,2.0,3.0,1.0,3.0,2.0,2.0,4.0,3.0,1.0,3.0,2.0,2.0,2.0,3.0,2.0,3.0,3.0,3.0,4.0,2.0,3.0,3.0,3.0,3.0,,3.0,,2.0,3.0,4.0,2.0,4.0,3.0,4.0,3.0,2.0,3.0,2.0,4.0,3.0,3.0,3.0,3.0,4.0,4.0,4.0,3.0,5.0,4.0,3.0,5.0,4.0,4.0,5.0,5.0,4.0,2.4,2.5,3.0,3.125,2.875,3.8333333333333335,4.25
R196,Yes,Yes,Male,35-44,Bachelor/HND,Commercial bank,IT/Technology,16 or more,Yes,2,Yes,Yes,3.0,3.0,3.0,3.0,4.0,3.0,3.0,4.0,4.0,3.0,5.0,4.0,4.0,4.0,3.0,3.0,4.0,3.0,4.0,5.0,3.0,5.0,5.0,5.0,4.0,5.0,4.0,4.0,3.0,2.0,5.0,2.0,3.0,3.0,3.0,4.0,3.0,3.0,4.0,4.0,4.0,4.0,3.0,2.0,4.0,1.0,3.0,2.0,2.0,5.0,3.0,4.0,2.0,4.0,3.0,3.0,3.0,3.3,3.75,4.5,3.2222222222222223,3.625,2.3333333333333335,3.375
R197,Yes,Yes,Female,18-24,Postgraduate Diploma,Commercial bank,Data/Analytics/AI,16 or more,Yes,2,Do not know,Yes,4.0,3.0,4.0,3.0,2.0,3.0,3.0,3.0,4.0,3.0,4.0,3.0,3.0,3.0,3.0,4.0,4.0,4.0,4.0,3.0,4.0,4.0,3.0,4.0,4.0,3.0,4.0,3.0,4.0,3.0,4.0,3.0,4.0,3.0,4.0,3.0,3.0,4.0,4.0,4.0,4.0,4.0,3.0,3.0,4.0,3.0,3.0,3.0,3.0,3.0,2.0,4.0,2.0,3.0,3.0,3.0,3.0,3.2,3.5,3.625,3.5555555555555554,3.625,3.1666666666666665,2.875
R198,Yes,Yes,Male,35-44,Bachelor/HND,Insurance/investment/other licensed financial institution,Customer Experience/Service,11-15,Yes,1,No,Yes,2.0,1.0,3.0,1.0,2.0,2.0,2.0,3.0,2.0,2.0,3.0,4.0,3.0,2.0,4.0,,5.0,4.0,2.0,2.0,3.0,4.0,2.0,4.0,3.0,2.0,4.0,4.0,2.0,2.0,3.0,3.0,2.0,4.0,3.0,4.0,3.0,,4.0,2.0,2.0,3.0,2.0,3.0,3.0,2.0,3.0,2.0,2.0,3.0,,4.0,2.0,3.0,3.0,3.0,2.0,2.0,3.5714285714285716,2.75,3.0,2.857142857142857,2.5,2.857142857142857
R199,Yes,Yes,Female,45-54,Master's,Fintech/payment provider,Data/Analytics/AI,2-5,Yes,2,Yes,Yes,4.0,5.0,,4.0,4.0,4.0,4.0,5.0,5.0,3.0,3.0,2.0,3.0,3.0,3.0,2.0,3.0,2.0,1.0,4.0,2.0,3.0,3.0,2.0,2.0,3.0,2.0,2.0,1.0,2.0,2.0,2.0,3.0,2.0,3.0,3.0,3.0,3.0,4.0,4.0,3.0,4.0,,2.0,3.0,1.0,2.0,4.0,2.0,3.0,3.0,3.0,4.0,4.0,4.0,4.0,4.0,4.222222222222222,2.625,2.5,2.111111111111111,3.4285714285714284,2.3333333333333335,3.625
R200,Yes,Yes,Male,25-34,Diploma/OND/NCE,Commercial bank,IT/Technology,2-5,Yes,1,Do not know,Yes,4.0,3.0,4.0,1.0,1.0,3.0,1.0,3.0,3.0,3.0,1.0,1.0,1.0,1.0,2.0,1.0,2.0,1.0,2.0,2.0,1.0,2.0,2.0,2.0,2.0,2.0,3.0,3.0,3.0,2.0,,3.0,4.0,2.0,3.0,3.0,2.0,2.0,2.0,3.0,3.0,2.0,3.0,,4.0,4.0,4.0,4.0,3.0,3.0,2.0,2.0,2.0,3.0,3.0,3.0,3.0,2.6,1.25,1.875,2.875,2.5,3.8,2.625
R201,Yes,Yes,Female,35-44,Master's,Commercial bank,Customer Experience/Service,2-5,Yes,3,Yes,Yes,2.0,2.0,3.0,3.0,2.0,3.0,2.0,3.0,3.0,3.0,2.0,3.0,4.0,4.0,4.0,3.0,3.0,2.0,3.0,4.0,3.0,5.0,5.0,3.0,4.0,4.0,3.0,3.0,2.0,2.0,4.0,3.0,2.0,2.0,3.0,3.0,3.0,3.0,2.0,4.0,2.0,3.0,3.0,3.0,4.0,3.0,3.0,3.0,3.0,4.0,3.0,4.0,3.0,3.0,3.0,4.0,2.0,2.6,3.125,3.875,2.6666666666666665,2.875,3.1666666666666665,3.25
R202,Yes,Yes,Male,35-44,Doctorate,Merchant bank,Digital Banking/Product,2-5,Yes,3,Yes,Yes,,4.0,5.0,4.0,3.0,4.0,4.0,4.0,3.0,4.0,4.0,4.0,4.0,4.0,4.0,5.0,4.0,3.0,4.0,3.0,2.0,4.0,3.0,3.0,,4.0,3.0,2.0,4.0,3.0,3.0,4.0,3.0,3.0,3.0,3.0,3.0,3.0,2.0,3.0,3.0,3.0,3.0,3.0,4.0,3.0,4.0,4.0,3.0,4.0,3.0,4.0,3.0,3.0,4.0,4.0,4.0,3.888888888888889,4.0,3.2857142857142856,3.111111111111111,2.875,3.5,3.625
R203,Yes,Yes,Female,25-34,Bachelor/HND,Merchant bank,Other,2-5,Yes,2,Yes,Yes,1.0,2.0,2.0,1.0,2.0,3.0,2.0,1.0,2.0,1.0,2.0,3.0,3.0,,3.0,4.0,2.0,3.0,2.0,3.0,1.0,3.0,2.0,2.0,3.0,2.0,2.0,2.0,3.0,3.0,2.0,1.0,3.0,1.0,2.0,3.0,2.0,3.0,1.0,4.0,3.0,2.0,3.0,3.0,,2.0,3.0,3.0,3.0,3.0,1.0,3.0,3.0,2.0,2.0,2.0,3.0,1.7,2.857142857142857,2.25,2.111111111111111,2.625,2.8,2.375
R204,Yes,Yes,Female,18-24,Master's,Merchant bank,Data/Analytics/AI,2-5,Yes,2,No,Yes,3.0,3.0,4.0,4.0,3.0,4.0,3.0,3.0,4.0,3.0,3.0,2.0,3.0,3.0,2.0,3.0,3.0,3.0,3.0,4.0,3.0,5.0,,3.0,4.0,4.0,4.0,3.0,4.0,3.0,3.0,3.0,4.0,3.0,4.0,4.0,3.0,2.0,3.0,4.0,3.0,3.0,3.0,2.0,3.0,2.0,3.0,2.0,3.0,4.0,3.0,3.0,4.0,3.0,3.0,4.0,3.0,3.4,2.75,3.7142857142857144,3.4444444444444446,3.125,2.5,3.375
R205,Yes,Yes,Female,45-54,Doctorate,Merchant bank,Digital Banking/Product,6-10,Yes,2,Yes,Yes,2.0,2.0,2.0,3.0,3.0,4.0,1.0,3.0,3.0,2.0,3.0,2.0,3.0,1.0,1.0,2.0,3.0,2.0,1.0,4.0,3.0,3.0,3.0,4.0,3.0,3.0,4.0,3.0,3.0,3.0,4.0,4.0,3.0,2.0,3.0,3.0,2.0,3.0,3.0,2.0,3.0,2.0,2.0,,3.0,1.0,2.0,3.0,2.0,3.0,5.0,5.0,4.0,4.0,4.0,4.0,4.0,2.5,2.125,3.0,3.2222222222222223,2.5,2.2,4.125
R206,Yes,Yes,Female,25-34,Master's,Commercial bank,IT/Technology,2-5,Yes,1,Yes,Yes,4.0,4.0,4.0,4.0,4.0,3.0,3.0,4.0,3.0,3.0,5.0,4.0,4.0,2.0,4.0,4.0,5.0,4.0,5.0,5.0,4.0,5.0,4.0,5.0,5.0,4.0,3.0,4.0,2.0,4.0,4.0,5.0,4.0,2.0,3.0,,3.0,4.0,3.0,5.0,4.0,4.0,4.0,3.0,4.0,2.0,3.0,4.0,2.0,2.0,3.0,4.0,4.0,4.0,3.0,4.0,3.0,3.6,4.0,4.625,3.4444444444444446,3.857142857142857,3.0,3.375
R207,Yes,Yes,Male,18-24,Bachelor/HND,Commercial bank,Customer Experience/Service,6-10,Yes,1,No,Yes,2.0,1.0,,1.0,2.0,1.0,2.0,2.0,3.0,2.0,4.0,3.0,5.0,2.0,5.0,4.0,4.0,3.0,4.0,4.0,4.0,5.0,4.0,4.0,5.0,2.0,5.0,4.0,4.0,3.0,4.0,5.0,4.0,4.0,4.0,4.0,4.0,4.0,3.0,4.0,5.0,4.0,5.0,4.0,5.0,3.0,5.0,3.0,5.0,3.0,2.0,3.0,3.0,2.0,3.0,2.0,2.0,1.7777777777777777,3.75,4.0,4.111111111111111,4.125,4.166666666666667,2.5
R208,Yes,Yes,Male,45-54,Postgraduate Diploma,Microfinance bank,IT/Technology,2-5,Yes,3,Yes,Yes,4.0,3.0,5.0,3.0,4.0,4.0,2.0,3.0,2.0,3.0,3.0,4.0,4.0,4.0,4.0,5.0,4.0,4.0,5.0,4.0,5.0,5.0,,4.0,5.0,5.0,4.0,2.0,4.0,3.0,4.0,3.0,3.0,3.0,4.0,4.0,4.0,4.0,5.0,4.0,5.0,5.0,4.0,2.0,3.0,3.0,4.0,2.0,4.0,2.0,2.0,4.0,1.0,2.0,3.0,3.0,2.0,3.3,4.0,4.714285714285714,3.3333333333333335,4.375,3.0,2.375
R209,Yes,Yes,Male,25-34,Postgraduate Diploma,Digital bank/neobank,Digital Banking/Product,16 or more,Yes,3,Yes,Yes,1.0,2.0,1.0,1.0,1.0,1.0,2.0,2.0,2.0,2.0,5.0,3.0,4.0,3.0,2.0,3.0,4.0,3.0,4.0,4.0,4.0,4.0,3.0,4.0,4.0,3.0,3.0,2.0,3.0,1.0,4.0,4.0,4.0,2.0,3.0,4.0,4.0,4.0,4.0,4.0,4.0,4.0,4.0,5.0,5.0,4.0,4.0,4.0,3.0,4.0,3.0,3.0,3.0,3.0,2.0,4.0,2.0,1.5,3.375,3.75,2.888888888888889,4.0,4.166666666666667,3.0
R210,Yes,Yes,Male,35-44,Postgraduate Diploma,Commercial bank,Digital Banking/Product,6-10,Yes,2,Yes,Yes,2.0,1.0,3.0,2.0,1.0,3.0,2.0,4.0,4.0,3.0,3.0,3.0,3.0,3.0,3.0,2.0,3.0,4.0,2.0,4.0,2.0,3.0,3.0,3.0,2.0,3.0,3.0,3.0,3.0,2.0,3.0,2.0,3.0,2.0,3.0,3.0,3.0,3.0,2.0,4.0,3.0,4.0,4.0,4.0,4.0,3.0,4.0,4.0,2.0,4.0,4.0,4.0,4.0,4.0,3.0,4.0,4.0,2.5,3.0,2.75,2.6666666666666665,3.25,3.5,3.875
R211,Yes,Yes,Female,35-44,Diploma/OND/NCE,Merchant bank,Data/Analytics/AI,6-10,Yes,2,Yes,Yes,3.0,4.0,5.0,3.0,4.0,3.0,3.0,4.0,4.0,3.0,2.0,1.0,2.0,2.0,3.0,2.0,3.0,1.0,3.0,3.0,2.0,4.0,3.0,3.0,3.0,2.0,3.0,3.0,2.0,1.0,3.0,1.0,3.0,2.0,3.0,1.0,2.0,1.0,2.0,2.0,2.0,2.0,1.0,3.0,4.0,3.0,3.0,3.0,3.0,4.0,3.0,3.0,2.0,3.0,3.0,3.0,4.0,3.6,2.0,2.875,2.3333333333333335,1.625,3.1666666666666665,3.125
R212,Yes,Yes,Male,18-24,Master's,Fintech/payment provider,Data/Analytics/AI,6-10,Yes,1,No,Yes,2.0,3.0,4.0,3.0,3.0,2.0,3.0,2.0,3.0,3.0,3.0,2.0,3.0,2.0,2.0,2.0,,2.0,3.0,2.0,3.0,3.0,3.0,2.0,3.0,3.0,5.0,4.0,5.0,3.0,5.0,5.0,5.0,4.0,4.0,4.0,2.0,4.0,2.0,3.0,2.0,3.0,3.0,3.0,3.0,3.0,3.0,3.0,2.0,4.0,3.0,4.0,3.0,4.0,4.0,4.0,3.0,2.8,2.2857142857142856,2.75,4.444444444444445,2.875,2.8333333333333335,3.625
R213,Yes,Yes,Female,25-34,Bachelor/HND,Commercial bank,Risk/Compliance,6-10,Yes,4,No,Yes,3.0,2.0,3.0,2.0,2.0,2.0,2.0,4.0,3.0,2.0,4.0,3.0,4.0,3.0,4.0,4.0,5.0,3.0,4.0,4.0,5.0,4.0,4.0,4.0,4.0,4.0,4.0,2.0,3.0,3.0,3.0,3.0,2.0,2.0,3.0,5.0,4.0,4.0,,3.0,3.0,4.0,3.0,3.0,4.0,3.0,4.0,3.0,2.0,1.0,2.0,3.0,1.0,2.0,2.0,1.0,1.0,2.5,3.75,4.125,2.7777777777777777,3.7142857142857144,3.1666666666666665,1.625
R214,Yes,Yes,Male,25-34,Postgraduate Diploma,Microfinance bank,IT/Technology,11-15,Yes,1,No,Yes,4.0,,3.0,2.0,3.0,4.0,2.0,2.0,5.0,2.0,3.0,3.0,3.0,2.0,3.0,4.0,3.0,3.0,4.0,4.0,4.0,3.0,,5.0,3.0,4.0,4.0,3.0,2.0,3.0,,4.0,3.0,4.0,3.0,3.0,3.0,2.0,3.0,4.0,2.0,3.0,3.0,1.0,3.0,2.0,2.0,1.0,3.0,4.0,3.0,4.0,4.0,5.0,3.0,4.0,4.0,3.0,3.0,3.857142857142857,3.25,2.875,2.0,3.875
R215,Yes,Yes,Female,35-44,Master's,Digital bank/neobank,Other,16 or more,Yes,2,Yes,Yes,3.0,,4.0,3.0,3.0,4.0,3.0,3.0,4.0,4.0,2.0,,2.0,2.0,1.0,1.0,3.0,1.0,4.0,4.0,2.0,4.0,4.0,4.0,3.0,3.0,2.0,2.0,3.0,1.0,3.0,2.0,2.0,1.0,2.0,3.0,2.0,2.0,3.0,4.0,2.0,3.0,,3.0,3.0,2.0,3.0,3.0,1.0,2.0,2.0,3.0,3.0,,3.0,3.0,3.0,3.4444444444444446,1.7142857142857142,3.5,2.0,2.7142857142857144,2.5,2.7142857142857144
R216,Yes,Yes,Female,25-34,Postgraduate Diploma,Commercial bank,Management/Strategy,6-10,Yes,2,Yes,Yes,4.0,5.0,5.0,4.0,4.0,4.0,3.0,4.0,5.0,3.0,1.0,2.0,,1.0,2.0,2.0,2.0,3.0,,2.0,1.0,3.0,2.0,3.0,3.0,1.0,3.0,3.0,3.0,3.0,4.0,4.0,4.0,3.0,2.0,4.0,3.0,3.0,3.0,4.0,3.0,2.0,3.0,2.0,5.0,4.0,5.0,4.0,4.0,2.0,3.0,3.0,3.0,4.0,3.0,4.0,3.0,4.1,1.8571428571428572,2.142857142857143,3.2222222222222223,3.125,4.0,3.125
R217,Yes,Yes,Male,25-34,Bachelor/HND,Commercial bank,Digital Banking/Product,2-5,Yes,3,Yes,Yes,4.0,4.0,4.0,4.0,4.0,4.0,3.0,5.0,4.0,3.0,5.0,3.0,4.0,4.0,4.0,3.0,4.0,3.0,2.0,3.0,3.0,3.0,3.0,4.0,3.0,2.0,3.0,3.0,3.0,3.0,4.0,3.0,3.0,2.0,3.0,2.0,2.0,3.0,3.0,3.0,2.0,3.0,1.0,3.0,3.0,3.0,4.0,3.0,,3.0,2.0,3.0,2.0,3.0,,3.0,3.0,3.9,3.75,2.875,3.0,2.375,3.2,2.7142857142857144
R218,Yes,Yes,Male,25-34,Bachelor/HND,Commercial bank,IT/Technology,Less than 2,Yes,1,Yes,Yes,2.0,2.0,3.0,2.0,3.0,3.0,1.0,2.0,3.0,3.0,3.0,2.0,2.0,2.0,3.0,,2.0,3.0,1.0,1.0,2.0,2.0,2.0,2.0,1.0,1.0,2.0,4.0,3.0,2.0,2.0,2.0,3.0,2.0,2.0,2.0,2.0,1.0,1.0,2.0,2.0,2.0,2.0,2.0,2.0,1.0,3.0,3.0,2.0,3.0,2.0,5.0,4.0,4.0,3.0,3.0,3.0,2.4,2.4285714285714284,1.5,2.4444444444444446,1.75,2.1666666666666665,3.375
R219,Yes,Yes,Female,25-34,Master's,Commercial bank,Digital Banking/Product,11-15,Yes,1,Yes,Yes,4.0,4.0,5.0,5.0,5.0,5.0,4.0,4.0,4.0,3.0,2.0,3.0,3.0,2.0,2.0,2.0,3.0,3.0,3.0,4.0,4.0,3.0,2.0,2.0,3.0,2.0,3.0,3.0,2.0,3.0,3.0,2.0,3.0,,4.0,4.0,2.0,2.0,2.0,3.0,3.0,3.0,4.0,2.0,3.0,3.0,3.0,2.0,3.0,3.0,3.0,3.0,2.0,2.0,2.0,3.0,1.0,4.3,2.5,2.875,2.875,2.875,2.6666666666666665,2.375
R220,Yes,Yes,Female,35-44,Bachelor/HND,Commercial bank,Digital Banking/Product,2-5,Yes,0,Do not know,Yes,4.0,4.0,5.0,3.0,4.0,4.0,3.0,4.0,4.0,3.0,2.0,2.0,3.0,2.0,2.0,2.0,1.0,2.0,4.0,3.0,4.0,4.0,4.0,4.0,4.0,3.0,1.0,2.0,1.0,1.0,3.0,2.0,3.0,2.0,1.0,4.0,3.0,3.0,2.0,5.0,4.0,4.0,3.0,5.0,3.0,3.0,4.0,4.0,3.0,3.0,3.0,3.0,3.0,4.0,3.0,3.0,3.0,3.8,2.0,3.75,1.7777777777777777,3.5,3.6666666666666665,3.125
R221,Yes,Yes,Prefer not to say,35-44,Postgraduate Diploma,Commercial bank,Risk/Compliance,16 or more,Yes,4,Yes,Yes,4.0,3.0,4.0,3.0,3.0,3.0,2.0,2.0,3.0,2.0,2.0,,2.0,2.0,2.0,1.0,2.0,2.0,1.0,2.0,3.0,1.0,1.0,1.0,2.0,3.0,4.0,3.0,2.0,3.0,4.0,5.0,4.0,3.0,4.0,3.0,3.0,4.0,1.0,3.0,3.0,2.0,3.0,4.0,4.0,2.0,5.0,3.0,3.0,4.0,2.0,3.0,3.0,4.0,4.0,4.0,2.0,2.9,1.8571428571428572,1.75,3.5555555555555554,2.75,3.5,3.25
R222,Yes,Yes,Female,25-34,Diploma/OND/NCE,Digital bank/neobank,Digital Banking/Product,Less than 2,Yes,2,Yes,Yes,2.0,2.0,2.0,1.0,2.0,2.0,2.0,1.0,3.0,2.0,3.0,4.0,3.0,2.0,3.0,4.0,3.0,3.0,3.0,4.0,,4.0,3.0,4.0,4.0,2.0,4.0,3.0,2.0,3.0,4.0,3.0,4.0,4.0,3.0,4.0,3.0,,3.0,3.0,3.0,4.0,3.0,4.0,4.0,2.0,3.0,,3.0,3.0,3.0,3.0,4.0,5.0,2.0,4.0,3.0,1.9,3.125,3.4285714285714284,3.3333333333333335,3.2857142857142856,3.2,3.375
R223,Yes,Yes,Female,35-44,Bachelor/HND,Commercial bank,Customer Experience/Service,2-5,Yes,2,Yes,Yes,5.0,4.0,5.0,4.0,4.0,2.0,4.0,3.0,4.0,3.0,4.0,2.0,3.0,2.0,3.0,3.0,2.0,2.0,2.0,4.0,1.0,3.0,3.0,2.0,2.0,2.0,4.0,2.0,4.0,2.0,4.0,4.0,3.0,1.0,3.0,2.0,2.0,2.0,2.0,1.0,1.0,2.0,1.0,2.0,3.0,1.0,3.0,3.0,3.0,3.0,3.0,2.0,3.0,2.0,3.0,,3.0,3.8,2.625,2.375,3.0,1.625,2.5,2.7142857142857144
R224,Yes,Yes,Male,18-24,Diploma/OND/NCE,Insurance/investment/other licensed financial institution,Risk/Compliance,16 or more,Yes,1,No,Yes,3.0,4.0,4.0,2.0,3.0,3.0,3.0,4.0,4.0,3.0,4.0,4.0,5.0,3.0,,,4.0,4.0,3.0,,2.0,4.0,4.0,4.0,3.0,3.0,3.0,3.0,4.0,2.0,2.0,4.0,3.0,3.0,4.0,3.0,3.0,2.0,2.0,4.0,2.0,3.0,2.0,1.0,2.0,2.0,3.0,1.0,,4.0,2.0,3.0,2.0,3.0,3.0,4.0,2.0,3.3,,3.2857142857142856,3.111111111111111,2.625,1.8,2.875
R225,Yes,Yes,Female,35-44,Diploma/OND/NCE,Insurance/investment/other licensed financial institution,Data/Analytics/AI,2-5,Yes,4,Yes,Yes,4.0,5.0,5.0,4.0,4.0,3.0,3.0,,4.0,4.0,4.0,3.0,5.0,4.0,3.0,4.0,3.0,4.0,2.0,2.0,2.0,4.0,2.0,2.0,1.0,4.0,4.0,4.0,4.0,4.0,3.0,3.0,4.0,4.0,4.0,3.0,2.0,3.0,3.0,3.0,3.0,3.0,3.0,3.0,3.0,3.0,,3.0,3.0,2.0,1.0,1.0,2.0,3.0,2.0,3.0,2.0,4.0,3.75,2.375,3.7777777777777777,2.875,3.0,2.0
R226,Yes,Yes,Male,35-44,Diploma/OND/NCE,Commercial bank,Customer Experience/Service,2-5,Yes,4,Yes,Yes,2.0,1.0,2.0,2.0,3.0,2.0,2.0,3.0,3.0,1.0,2.0,3.0,3.0,,3.0,3.0,3.0,3.0,4.0,4.0,3.0,4.0,4.0,5.0,3.0,4.0,4.0,3.0,4.0,4.0,4.0,3.0,3.0,3.0,4.0,4.0,4.0,4.0,3.0,3.0,3.0,3.0,3.0,5.0,5.0,4.0,5.0,5.0,4.0,4.0,3.0,5.0,4.0,4.0,4.0,4.0,4.0,2.1,2.857142857142857,3.875,3.5555555555555554,3.375,4.666666666666667,4.0
R227,Yes,Yes,Prefer not to say,35-44,Master's,Insurance/investment/other licensed financial institution,Digital Banking/Product,6-10,Yes,2,Yes,Yes,4.0,3.0,3.0,3.0,3.0,4.0,4.0,4.0,3.0,3.0,4.0,3.0,5.0,3.0,4.0,4.0,4.0,4.0,3.0,3.0,2.0,4.0,2.0,2.0,4.0,2.0,2.0,2.0,3.0,2.0,3.0,2.0,2.0,2.0,3.0,4.0,3.0,3.0,3.0,3.0,3.0,4.0,4.0,3.0,3.0,2.0,3.0,3.0,3.0,2.0,2.0,2.0,2.0,2.0,2.0,2.0,2.0,3.4,3.875,2.75,2.3333333333333335,3.375,2.8333333333333335,2.0
R228,Yes,Yes,Male,25-34,Postgraduate Diploma,Commercial bank,Other,2-5,Yes,3,Yes,Yes,3.0,2.0,4.0,2.0,4.0,3.0,4.0,3.0,3.0,4.0,3.0,3.0,3.0,3.0,3.0,3.0,4.0,4.0,2.0,3.0,3.0,3.0,3.0,2.0,3.0,3.0,4.0,3.0,4.0,3.0,4.0,3.0,4.0,3.0,4.0,3.0,3.0,3.0,3.0,4.0,2.0,3.0,3.0,3.0,4.0,2.0,4.0,3.0,2.0,2.0,1.0,3.0,1.0,1.0,2.0,,1.0,3.2,3.25,2.75,3.5555555555555554,3.0,3.0,1.5714285714285714
R229,Yes,Yes,Female,25-34,Bachelor/HND,Commercial bank,Relationship/Marketing,6-10,Yes,2,No,Yes,3.0,4.0,5.0,3.0,4.0,4.0,3.0,3.0,4.0,4.0,4.0,4.0,4.0,4.0,3.0,4.0,4.0,3.0,4.0,,1.0,,3.0,3.0,3.0,2.0,,2.0,3.0,3.0,3.0,3.0,5.0,2.0,3.0,4.0,3.0,4.0,3.0,,4.0,3.0,3.0,3.0,4.0,2.0,3.0,3.0,4.0,3.0,1.0,2.0,2.0,2.0,3.0,2.0,2.0,3.7,3.75,,3.0,3.4285714285714284,3.1666666666666665,2.125
R230,Yes,Yes,Male,35-44,Postgraduate Diploma,Fintech/payment provider,Risk/Compliance,16 or more,Yes,3,Yes,Yes,3.0,2.0,3.0,2.0,3.0,4.0,2.0,2.0,2.0,2.0,4.0,2.0,4.0,2.0,3.0,2.0,3.0,2.0,2.0,,1.0,2.0,2.0,2.0,2.0,2.0,3.0,2.0,3.0,2.0,2.0,3.0,3.0,2.0,3.0,4.0,3.0,3.0,2.0,2.0,2.0,4.0,2.0,4.0,5.0,4.0,4.0,4.0,3.0,3.0,3.0,3.0,4.0,4.0,4.0,4.0,3.0,2.5,2.75,1.8571428571428572,2.5555555555555554,2.75,4.0,3.5
R231,Yes,Yes,Male,25-34,Master's,Insurance/investment/other licensed financial institution,Data/Analytics/AI,2-5,Yes,1,No,Yes,4.0,4.0,4.0,4.0,4.0,4.0,3.0,4.0,4.0,4.0,2.0,2.0,3.0,2.0,2.0,2.0,2.0,3.0,2.0,3.0,3.0,4.0,2.0,4.0,2.0,3.0,2.0,1.0,1.0,1.0,1.0,2.0,2.0,2.0,2.0,4.0,1.0,3.0,2.0,3.0,2.0,2.0,3.0,2.0,3.0,2.0,3.0,3.0,3.0,,1.0,3.0,4.0,3.0,3.0,3.0,3.0,3.9,2.25,2.875,1.5555555555555556,2.5,2.6666666666666665,2.857142857142857
R232,Yes,Yes,Male,25-34,Master's,Microfinance bank,Customer Experience/Service,16 or more,Yes,2,Yes,Yes,1.0,2.0,3.0,2.0,2.0,,3.0,1.0,2.0,2.0,2.0,4.0,3.0,2.0,2.0,3.0,3.0,,2.0,4.0,2.0,2.0,2.0,2.0,2.0,3.0,4.0,2.0,2.0,3.0,4.0,4.0,4.0,4.0,3.0,4.0,1.0,3.0,3.0,3.0,3.0,2.0,2.0,3.0,3.0,3.0,4.0,3.0,4.0,3.0,3.0,2.0,3.0,3.0,2.0,3.0,2.0,2.0,2.7142857142857144,2.375,3.3333333333333335,2.625,3.3333333333333335,2.625
R233,Yes,Yes,Female,25-34,Bachelor/HND,Commercial bank,Relationship/Marketing,6-10,Yes,1,No,Yes,3.0,,4.0,3.0,3.0,4.0,3.0,3.0,4.0,3.0,3.0,3.0,4.0,,3.0,4.0,2.0,2.0,3.0,2.0,2.0,3.0,3.0,3.0,2.0,2.0,3.0,3.0,3.0,2.0,3.0,3.0,4.0,,3.0,3.0,2.0,3.0,,4.0,3.0,3.0,2.0,4.0,3.0,3.0,4.0,4.0,3.0,2.0,3.0,4.0,3.0,3.0,3.0,5.0,3.0,3.3333333333333335,3.0,2.5,3.0,2.857142857142857,3.5,3.25
R234,Yes,Yes,Male,55 or above,Diploma/OND/NCE,Merchant bank,Customer Experience/Service,2-5,Yes,3,Yes,Yes,3.0,3.0,3.0,3.0,4.0,4.0,3.0,2.0,4.0,2.0,3.0,1.0,3.0,3.0,3.0,3.0,3.0,3.0,3.0,5.0,4.0,5.0,4.0,4.0,2.0,4.0,4.0,3.0,4.0,3.0,4.0,4.0,5.0,4.0,5.0,5.0,3.0,,3.0,5.0,5.0,4.0,3.0,4.0,4.0,2.0,5.0,5.0,3.0,4.0,3.0,4.0,2.0,3.0,3.0,3.0,3.0,3.1,2.75,3.875,4.0,4.0,3.8333333333333335,3.125
R235,Yes,Yes,Male,25-34,Bachelor/HND,Microfinance bank,Other,6-10,Yes,2,Yes,Yes,4.0,4.0,5.0,3.0,3.0,5.0,3.0,4.0,5.0,3.0,2.0,2.0,3.0,1.0,3.0,3.0,3.0,2.0,3.0,4.0,3.0,3.0,2.0,4.0,4.0,4.0,3.0,3.0,3.0,2.0,4.0,3.0,3.0,3.0,2.0,4.0,4.0,4.0,4.0,3.0,2.0,3.0,3.0,2.0,4.0,3.0,5.0,4.0,4.0,4.0,2.0,4.0,4.0,4.0,4.0,3.0,4.0,3.9,2.375,3.375,2.888888888888889,3.375,3.6666666666666665,3.625
R236,Yes,Yes,Male,25-34,Postgraduate Diploma,Commercial bank,Digital Banking/Product,11-15,Yes,3,Yes,Yes,2.0,2.0,2.0,1.0,2.0,2.0,1.0,3.0,2.0,1.0,5.0,5.0,4.0,3.0,3.0,4.0,4.0,3.0,4.0,4.0,3.0,4.0,4.0,4.0,3.0,,4.0,3.0,4.0,4.0,4.0,3.0,4.0,3.0,3.0,4.0,1.0,3.0,4.0,4.0,3.0,2.0,3.0,3.0,3.0,3.0,4.0,3.0,4.0,3.0,1.0,3.0,3.0,3.0,3.0,3.0,4.0,1.8,3.875,3.7142857142857144,3.5555555555555554,3.0,3.3333333333333335,2.875
R237,Yes,Yes,Male,35-44,Postgraduate Diploma,Insurance/investment/other licensed financial institution,IT/Technology,2-5,Yes,2,Do not know,Yes,3.0,3.0,5.0,2.0,3.0,4.0,3.0,3.0,4.0,3.0,3.0,3.0,4.0,3.0,3.0,3.0,3.0,4.0,2.0,3.0,2.0,3.0,3.0,3.0,2.0,4.0,4.0,4.0,3.0,4.0,3.0,3.0,4.0,4.0,5.0,4.0,4.0,3.0,2.0,4.0,3.0,4.0,4.0,3.0,2.0,1.0,2.0,3.0,3.0,3.0,2.0,,3.0,3.0,2.0,3.0,2.0,3.3,3.25,2.75,3.7777777777777777,3.5,2.3333333333333335,2.5714285714285716
R238,Yes,Yes,Female,25-34,Bachelor/HND,Insurance/investment/other licensed financial institution,Risk/Compliance,6-10,Yes,2,Yes,Yes,4.0,4.0,5.0,4.0,4.0,3.0,3.0,2.0,4.0,3.0,2.0,1.0,2.0,1.0,2.0,1.0,2.0,2.0,3.0,3.0,3.0,3.0,2.0,3.0,3.0,2.0,3.0,2.0,2.0,2.0,2.0,3.0,1.0,3.0,1.0,,2.0,2.0,1.0,3.0,3.0,2.0,1.0,1.0,3.0,1.0,2.0,3.0,2.0,2.0,3.0,3.0,1.0,2.0,3.0,3.0,1.0,3.6,1.625,2.75,2.111111111111111,2.0,2.0,2.25
R239,Yes,Yes,Female,18-24,Master's,Commercial bank,Relationship/Marketing,11-15,Yes,4,Yes,Yes,3.0,2.0,2.0,2.0,3.0,2.0,2.0,2.0,1.0,2.0,4.0,2.0,4.0,3.0,3.0,4.0,,2.0,4.0,3.0,4.0,5.0,4.0,4.0,4.0,4.0,2.0,3.0,3.0,2.0,4.0,3.0,4.0,3.0,3.0,4.0,3.0,3.0,3.0,4.0,3.0,4.0,,4.0,4.0,4.0,5.0,5.0,4.0,3.0,3.0,3.0,2.0,3.0,4.0,2.0,2.0,2.1,3.142857142857143,4.0,3.0,3.4285714285714284,4.333333333333333,2.75
R240,Yes,Yes,Female,25-34,Diploma/OND/NCE,Microfinance bank,Data/Analytics/AI,2-5,Yes,3,Yes,Yes,3.0,3.0,,3.0,2.0,3.0,3.0,4.0,3.0,2.0,4.0,2.0,3.0,2.0,2.0,3.0,3.0,3.0,2.0,3.0,2.0,2.0,2.0,3.0,1.0,3.0,3.0,3.0,3.0,2.0,3.0,4.0,3.0,2.0,3.0,4.0,3.0,2.0,3.0,2.0,3.0,3.0,3.0,2.0,2.0,1.0,2.0,2.0,2.0,4.0,3.0,3.0,3.0,,4.0,4.0,3.0,2.888888888888889,2.75,2.25,2.888888888888889,2.875,1.8333333333333333,3.4285714285714284
R241,Yes,Yes,Female,35-44,Bachelor/HND,Microfinance bank,IT/Technology,16 or more,Yes,1,No,Yes,3.0,2.0,4.0,3.0,3.0,3.0,2.0,4.0,,3.0,2.0,3.0,3.0,2.0,2.0,1.0,3.0,1.0,3.0,3.0,3.0,4.0,2.0,2.0,3.0,3.0,2.0,3.0,3.0,2.0,2.0,3.0,2.0,2.0,3.0,4.0,2.0,3.0,2.0,3.0,4.0,1.0,3.0,4.0,4.0,3.0,3.0,3.0,2.0,2.0,2.0,3.0,4.0,4.0,3.0,3.0,3.0,3.0,2.125,2.875,2.4444444444444446,2.75,3.1666666666666665,3.0
R242,Yes,Yes,Female,45-54,Diploma/OND/NCE,Digital bank/neobank,Other,2-5,Yes,3,Yes,Yes,4.0,3.0,3.0,3.0,2.0,3.0,3.0,2.0,,3.0,5.0,4.0,3.0,3.0,3.0,4.0,4.0,3.0,4.0,5.0,4.0,4.0,4.0,5.0,4.0,4.0,4.0,4.0,3.0,4.0,3.0,3.0,4.0,3.0,4.0,3.0,4.0,4.0,3.0,4.0,3.0,2.0,4.0,4.0,3.0,4.0,4.0,3.0,4.0,4.0,3.0,3.0,3.0,3.0,3.0,3.0,2.0,2.888888888888889,3.625,4.25,3.5555555555555554,3.375,3.6666666666666665,3.0
R243,Yes,Yes,Female,35-44,Other,Merchant bank,Digital Banking/Product,2-5,Yes,2,No,Yes,2.0,3.0,4.0,3.0,,4.0,3.0,4.0,4.0,4.0,2.0,2.0,3.0,1.0,3.0,3.0,3.0,2.0,1.0,2.0,2.0,3.0,2.0,4.0,3.0,2.0,4.0,2.0,4.0,3.0,3.0,3.0,3.0,3.0,3.0,3.0,2.0,3.0,2.0,3.0,3.0,3.0,2.0,3.0,3.0,3.0,4.0,5.0,4.0,4.0,3.0,3.0,4.0,3.0,2.0,2.0,2.0,3.4444444444444446,2.375,2.375,3.111111111111111,2.625,3.6666666666666665,2.875
R244,Yes,Yes,Female,18-24,Postgraduate Diploma,Commercial bank,Customer Experience/Service,16 or more,Yes,1,No,Yes,4.0,4.0,4.0,4.0,5.0,4.0,5.0,5.0,5.0,4.0,3.0,2.0,3.0,3.0,3.0,3.0,2.0,2.0,3.0,4.0,3.0,4.0,3.0,3.0,3.0,3.0,4.0,3.0,2.0,2.0,2.0,2.0,3.0,2.0,2.0,3.0,2.0,3.0,3.0,4.0,4.0,4.0,3.0,2.0,2.0,1.0,3.0,2.0,2.0,2.0,2.0,3.0,2.0,2.0,2.0,2.0,3.0,4.4,2.625,3.25,2.4444444444444446,3.25,2.0,2.25
R245,Yes,Yes,Female,35-44,Bachelor/HND,Insurance/investment/other licensed financial institution,IT/Technology,6-10,Yes,3,No,Yes,4.0,4.0,3.0,2.0,3.0,4.0,3.0,3.0,4.0,,5.0,5.0,4.0,4.0,4.0,,4.0,4.0,4.0,3.0,2.0,4.0,4.0,3.0,4.0,3.0,4.0,,2.0,3.0,5.0,3.0,3.0,3.0,,4.0,3.0,3.0,3.0,4.0,3.0,3.0,2.0,4.0,3.0,2.0,3.0,3.0,3.0,,3.0,3.0,4.0,3.0,2.0,4.0,4.0,3.3333333333333335,4.285714285714286,3.375,,3.125,3.0,3.2857142857142856
R246,Yes,Yes,Male,25-34,Bachelor/HND,Commercial bank,Digital Banking/Product,6-10,Yes,1,No,Yes,4.0,4.0,4.0,4.0,4.0,4.0,3.0,5.0,3.0,4.0,3.0,3.0,4.0,3.0,4.0,4.0,5.0,3.0,3.0,2.0,4.0,4.0,4.0,4.0,3.0,3.0,3.0,2.0,2.0,3.0,3.0,2.0,2.0,3.0,,4.0,3.0,3.0,3.0,3.0,2.0,3.0,3.0,2.0,2.0,1.0,3.0,2.0,2.0,2.0,1.0,2.0,2.0,1.0,3.0,2.0,2.0,3.9,3.625,3.375,2.5,3.0,2.0,1.875
R247,Yes,Yes,Male,45-54,Diploma/OND/NCE,Commercial bank,Relationship/Marketing,2-5,Yes,2,Yes,Yes,4.0,3.0,5.0,3.0,4.0,4.0,3.0,4.0,5.0,4.0,4.0,3.0,4.0,3.0,2.0,4.0,4.0,3.0,3.0,2.0,2.0,3.0,2.0,2.0,4.0,3.0,3.0,2.0,3.0,2.0,3.0,2.0,2.0,3.0,3.0,4.0,4.0,4.0,4.0,3.0,3.0,3.0,2.0,3.0,3.0,2.0,3.0,,,2.0,2.0,4.0,2.0,2.0,3.0,3.0,2.0,3.9,3.375,2.625,2.5555555555555554,3.375,,2.5
R248,Yes,Yes,Male,55 or above,Bachelor/HND,Digital bank/neobank,Risk/Compliance,2-5,Yes,4,Yes,Yes,3.0,2.0,3.0,2.0,1.0,2.0,1.0,3.0,2.0,2.0,3.0,3.0,3.0,1.0,3.0,3.0,3.0,3.0,3.0,4.0,4.0,3.0,4.0,4.0,3.0,,4.0,3.0,3.0,4.0,2.0,3.0,3.0,3.0,4.0,4.0,2.0,4.0,2.0,3.0,3.0,3.0,4.0,5.0,4.0,3.0,5.0,4.0,4.0,2.0,3.0,4.0,3.0,3.0,3.0,4.0,2.0,2.1,2.75,3.5714285714285716,3.2222222222222223,3.125,4.166666666666667,3.0
R249,Yes,Yes,Male,25-34,Bachelor/HND,Insurance/investment/other licensed financial institution,Relationship/Marketing,6-10,Yes,2,Yes,Yes,4.0,5.0,4.0,2.0,3.0,4.0,2.0,3.0,2.0,4.0,4.0,4.0,5.0,4.0,5.0,3.0,3.0,3.0,3.0,3.0,3.0,3.0,3.0,3.0,3.0,3.0,2.0,2.0,2.0,2.0,3.0,2.0,3.0,3.0,3.0,5.0,3.0,3.0,3.0,4.0,3.0,4.0,3.0,4.0,3.0,3.0,4.0,3.0,3.0,3.0,1.0,2.0,3.0,3.0,2.0,3.0,2.0,3.3,3.875,3.0,2.4444444444444446,3.5,3.3333333333333335,2.375
R250,Yes,Yes,Female,45-54,Bachelor/HND,Microfinance bank,Digital Banking/Product,Less than 2,Yes,1,Do not know,Yes,1.0,2.0,3.0,2.0,1.0,3.0,3.0,2.0,3.0,2.0,2.0,3.0,4.0,2.0,3.0,3.0,3.0,3.0,2.0,3.0,2.0,3.0,,3.0,2.0,3.0,4.0,4.0,4.0,3.0,4.0,5.0,4.0,,4.0,1.0,3.0,3.0,3.0,3.0,2.0,,2.0,2.0,5.0,3.0,3.0,3.0,3.0,2.0,2.0,3.0,1.0,4.0,2.0,2.0,2.0,2.2,2.875,2.5714285714285716,4.0,2.4285714285714284,3.1666666666666665,2.25
R251,Yes,Yes,Male,18-24,Bachelor/HND,Commercial bank,Digital Banking/Product,2-5,Yes,3,Yes,Yes,,3.0,4.0,3.0,3.0,3.0,2.0,4.0,3.0,3.0,3.0,2.0,3.0,4.0,3.0,3.0,3.0,2.0,3.0,4.0,1.0,4.0,3.0,4.0,2.0,2.0,5.0,4.0,4.0,5.0,4.0,5.0,4.0,5.0,3.0,4.0,4.0,3.0,2.0,3.0,3.0,3.0,3.0,3.0,4.0,4.0,3.0,4.0,3.0,4.0,4.0,5.0,3.0,4.0,4.0,3.0,4.0,3.111111111111111,2.875,2.875,4.333333333333333,3.125,3.5,3.875
R252,Yes,Yes,Female,25-34,Bachelor/HND,Commercial bank,Relationship/Marketing,6-10,Yes,4,Yes,Yes,5.0,3.0,5.0,3.0,4.0,4.0,4.0,5.0,5.0,4.0,4.0,5.0,5.0,,4.0,4.0,4.0,5.0,4.0,4.0,4.0,4.0,3.0,4.0,4.0,4.0,4.0,5.0,5.0,3.0,5.0,4.0,4.0,3.0,4.0,5.0,5.0,3.0,4.0,3.0,4.0,5.0,3.0,4.0,3.0,2.0,4.0,3.0,4.0,3.0,5.0,4.0,5.0,5.0,4.0,4.0,5.0,4.2,4.428571428571429,3.875,4.111111111111111,4.0,3.3333333333333335,4.375
R253,Yes,Yes,Female,35-44,Diploma/OND/NCE,Fintech/payment provider,Relationship/Marketing,2-5,Yes,2,Yes,Yes,2.0,3.0,3.0,3.0,3.0,3.0,3.0,3.0,4.0,4.0,3.0,4.0,4.0,2.0,3.0,4.0,4.0,4.0,2.0,4.0,3.0,3.0,3.0,4.0,3.0,3.0,3.0,3.0,2.0,2.0,4.0,3.0,4.0,3.0,3.0,3.0,4.0,2.0,2.0,4.0,3.0,2.0,3.0,1.0,2.0,1.0,3.0,2.0,3.0,,4.0,4.0,3.0,3.0,4.0,3.0,3.0,3.1,3.5,3.125,3.0,2.875,2.0,3.4285714285714284
R254,Yes,Yes,Female,45-54,Master's,Merchant bank,Other,2-5,Yes,1,Yes,Yes,2.0,3.0,3.0,2.0,3.0,3.0,3.0,3.0,3.0,3.0,3.0,2.0,2.0,3.0,2.0,3.0,3.0,2.0,3.0,2.0,2.0,3.0,2.0,4.0,4.0,2.0,3.0,3.0,4.0,2.0,4.0,3.0,3.0,2.0,4.0,4.0,2.0,3.0,2.0,4.0,3.0,2.0,3.0,2.0,4.0,3.0,2.0,3.0,2.0,2.0,1.0,2.0,3.0,3.0,2.0,4.0,1.0,2.8,2.5,2.75,3.111111111111111,2.875,2.6666666666666665,2.25
R255,Yes,Yes,Male,25-34,Postgraduate Diploma,Commercial bank,Management/Strategy,2-5,Yes,0,Do not know,Yes,4.0,4.0,4.0,3.0,3.0,3.0,3.0,3.0,3.0,3.0,2.0,3.0,3.0,1.0,3.0,3.0,2.0,3.0,4.0,3.0,,3.0,2.0,3.0,3.0,3.0,4.0,2.0,4.0,2.0,4.0,3.0,3.0,3.0,3.0,4.0,3.0,3.0,3.0,4.0,2.0,3.0,2.0,3.0,3.0,3.0,3.0,2.0,3.0,3.0,3.0,2.0,3.0,2.0,3.0,3.0,3.0,3.3,2.5,3.0,3.111111111111111,3.0,2.8333333333333335,2.75
R256,Yes,Yes,Male,45-54,Master's,Digital bank/neobank,Management/Strategy,6-10,Yes,0,Do not know,Yes,4.0,4.0,3.0,3.0,4.0,4.0,3.0,4.0,4.0,3.0,3.0,2.0,3.0,3.0,3.0,3.0,3.0,2.0,3.0,3.0,2.0,4.0,3.0,3.0,4.0,2.0,2.0,3.0,2.0,3.0,3.0,4.0,3.0,3.0,3.0,3.0,3.0,3.0,3.0,,4.0,3.0,3.0,3.0,3.0,2.0,3.0,4.0,2.0,3.0,3.0,5.0,5.0,4.0,3.0,5.0,4.0,3.6,2.75,3.0,2.888888888888889,3.142857142857143,2.8333333333333335,4.0
R257,Yes,Yes,Male,45-54,Bachelor/HND,Fintech/payment provider,IT/Technology,11-15,Yes,2,Do not know,Yes,3.0,3.0,2.0,3.0,2.0,4.0,2.0,4.0,,4.0,4.0,3.0,5.0,3.0,5.0,3.0,4.0,4.0,3.0,2.0,3.0,4.0,2.0,2.0,3.0,4.0,3.0,3.0,,3.0,3.0,4.0,3.0,3.0,4.0,4.0,4.0,3.0,4.0,4.0,4.0,3.0,2.0,2.0,2.0,2.0,,3.0,2.0,4.0,2.0,4.0,3.0,5.0,2.0,4.0,3.0,3.0,3.875,2.875,3.25,3.5,2.2,3.375
R258,Yes,Yes,Male,25-34,Master's,Commercial bank,Management/Strategy,11-15,Yes,3,No,Yes,4.0,3.0,2.0,2.0,3.0,4.0,3.0,3.0,4.0,3.0,3.0,4.0,3.0,4.0,3.0,2.0,4.0,3.0,3.0,3.0,,4.0,3.0,2.0,3.0,2.0,4.0,3.0,3.0,3.0,3.0,3.0,4.0,4.0,4.0,3.0,3.0,3.0,3.0,3.0,3.0,,3.0,3.0,4.0,3.0,5.0,3.0,3.0,3.0,3.0,4.0,2.0,4.0,3.0,4.0,3.0,3.1,3.25,2.857142857142857,3.4444444444444446,3.0,3.5,3.25
R259,Yes,Yes,Male,55 or above,Bachelor/HND,Insurance/investment/other licensed financial institution,Digital Banking/Product,Less than 2,Yes,4,Yes,Yes,3.0,4.0,4.0,3.0,3.0,5.0,3.0,2.0,4.0,3.0,2.0,3.0,2.0,2.0,4.0,3.0,3.0,3.0,2.0,3.0,2.0,4.0,3.0,2.0,4.0,2.0,2.0,2.0,2.0,1.0,2.0,1.0,2.0,2.0,2.0,3.0,1.0,2.0,1.0,3.0,3.0,2.0,2.0,3.0,2.0,2.0,4.0,3.0,2.0,4.0,3.0,4.0,2.0,3.0,2.0,4.0,3.0,3.4,2.75,2.75,1.7777777777777777,2.125,2.6666666666666665,3.125
R260,Yes,Yes,Male,35-44,Postgraduate Diploma,Insurance/investment/other licensed financial institution,Risk/Compliance,2-5,Yes,2,Yes,Yes,5.0,4.0,4.0,5.0,5.0,5.0,4.0,5.0,,3.0,3.0,3.0,3.0,3.0,2.0,2.0,3.0,3.0,4.0,3.0,3.0,4.0,3.0,3.0,2.0,3.0,4.0,3.0,3.0,3.0,2.0,3.0,3.0,3.0,3.0,3.0,3.0,3.0,4.0,4.0,4.0,4.0,3.0,4.0,3.0,2.0,3.0,4.0,3.0,3.0,3.0,4.0,3.0,3.0,3.0,4.0,3.0,4.444444444444445,2.75,3.125,3.0,3.5,3.1666666666666665,3.25
R261,Yes,Yes,Female,35-44,Bachelor/HND,Commercial bank,Digital Banking/Product,6-10,Yes,2,Yes,Yes,3.0,2.0,2.0,2.0,1.0,2.0,1.0,1.0,2.0,1.0,3.0,2.0,4.0,3.0,3.0,3.0,3.0,3.0,2.0,3.0,3.0,3.0,2.0,4.0,3.0,3.0,3.0,2.0,3.0,2.0,4.0,4.0,3.0,4.0,4.0,4.0,4.0,4.0,3.0,5.0,4.0,4.0,4.0,3.0,4.0,3.0,5.0,4.0,4.0,3.0,2.0,3.0,2.0,3.0,1.0,3.0,2.0,1.7,3.0,2.875,3.2222222222222223,4.0,3.8333333333333335,2.375
R262,Yes,Yes,Male,18-24,Bachelor/HND,Digital bank/neobank,Other,2-5,Yes,0,No,Yes,4.0,2.0,4.0,3.0,3.0,3.0,2.0,3.0,4.0,2.0,2.0,,2.0,2.0,3.0,3.0,2.0,2.0,1.0,1.0,1.0,2.0,2.0,2.0,2.0,2.0,4.0,2.0,2.0,3.0,3.0,3.0,2.0,3.0,2.0,1.0,1.0,2.0,1.0,3.0,2.0,2.0,2.0,2.0,2.0,1.0,3.0,3.0,2.0,3.0,3.0,4.0,3.0,4.0,3.0,4.0,1.0,3.0,2.2857142857142856,1.625,2.6666666666666665,1.75,2.1666666666666665,3.125
R263,Yes,Yes,Prefer not to say,25-34,Bachelor/HND,Commercial bank,Data/Analytics/AI,6-10,Yes,0,Yes,Yes,3.0,3.0,5.0,3.0,2.0,4.0,4.0,3.0,3.0,3.0,1.0,1.0,2.0,1.0,1.0,2.0,2.0,1.0,1.0,1.0,1.0,1.0,1.0,1.0,2.0,2.0,1.0,2.0,1.0,2.0,3.0,3.0,3.0,2.0,3.0,3.0,3.0,2.0,2.0,2.0,2.0,4.0,2.0,3.0,2.0,2.0,2.0,,3.0,3.0,2.0,1.0,1.0,1.0,1.0,2.0,,3.3,1.375,1.25,2.2222222222222223,2.5,2.4,1.5714285714285714
R264,Yes,Yes,Prefer not to say,35-44,Bachelor/HND,Insurance/investment/other licensed financial institution,Other,2-5,Yes,3,Yes,Yes,3.0,3.0,4.0,3.0,4.0,4.0,3.0,3.0,5.0,3.0,5.0,2.0,5.0,4.0,3.0,4.0,4.0,4.0,2.0,3.0,1.0,3.0,3.0,3.0,2.0,2.0,4.0,4.0,4.0,5.0,4.0,3.0,3.0,3.0,3.0,4.0,2.0,4.0,3.0,4.0,3.0,3.0,3.0,2.0,3.0,2.0,3.0,3.0,3.0,4.0,2.0,3.0,2.0,2.0,3.0,3.0,2.0,3.5,3.875,2.375,3.6666666666666665,3.25,2.6666666666666665,2.625
R265,Yes,Yes,Male,45-54,Bachelor/HND,Commercial bank,Digital Banking/Product,2-5,Yes,4,Yes,Yes,4.0,4.0,5.0,3.0,3.0,3.0,4.0,4.0,3.0,3.0,4.0,4.0,3.0,4.0,4.0,4.0,4.0,3.0,2.0,3.0,1.0,2.0,3.0,2.0,3.0,3.0,4.0,3.0,3.0,4.0,3.0,3.0,5.0,4.0,5.0,5.0,4.0,3.0,3.0,5.0,3.0,4.0,4.0,4.0,4.0,2.0,4.0,5.0,4.0,3.0,2.0,,2.0,3.0,3.0,3.0,2.0,3.6,3.75,2.375,3.7777777777777777,3.875,3.8333333333333335,2.5714285714285716
R266,Yes,Yes,Female,35-44,Postgraduate Diploma,Merchant bank,IT/Technology,2-5,Yes,1,No,Yes,2.0,2.0,3.0,3.0,2.0,3.0,3.0,3.0,3.0,3.0,3.0,4.0,3.0,3.0,3.0,3.0,3.0,3.0,3.0,2.0,1.0,4.0,2.0,4.0,4.0,4.0,4.0,2.0,3.0,2.0,2.0,2.0,3.0,2.0,2.0,3.0,3.0,2.0,1.0,4.0,2.0,3.0,1.0,4.0,3.0,2.0,3.0,3.0,3.0,5.0,4.0,3.0,3.0,5.0,2.0,,4.0,2.7,3.125,3.0,2.4444444444444446,2.375,3.0,3.7142857142857144
R267,Yes,Yes,Female,25-34,Bachelor/HND,Digital bank/neobank,Customer Experience/Service,6-10,Yes,2,No,Yes,4.0,2.0,3.0,2.0,3.0,3.0,2.0,3.0,2.0,3.0,3.0,3.0,3.0,2.0,3.0,2.0,3.0,2.0,4.0,4.0,4.0,4.0,3.0,4.0,4.0,3.0,3.0,2.0,2.0,1.0,3.0,2.0,2.0,1.0,2.0,4.0,2.0,2.0,3.0,3.0,3.0,4.0,3.0,3.0,2.0,2.0,3.0,3.0,2.0,2.0,3.0,2.0,4.0,4.0,3.0,3.0,2.0,2.7,2.625,3.75,2.0,3.0,2.5,2.875
R268,Yes,Yes,Male,55 or above,Bachelor/HND,Microfinance bank,Digital Banking/Product,Less than 2,Yes,2,Yes,Yes,3.0,2.0,2.0,2.0,3.0,4.0,2.0,2.0,3.0,4.0,4.0,3.0,4.0,2.0,2.0,3.0,4.0,3.0,4.0,4.0,2.0,4.0,4.0,4.0,3.0,3.0,4.0,3.0,4.0,4.0,,5.0,4.0,3.0,5.0,4.0,2.0,3.0,,4.0,3.0,3.0,3.0,4.0,3.0,2.0,4.0,3.0,3.0,4.0,3.0,3.0,3.0,4.0,3.0,4.0,3.0,2.7,3.125,3.5,4.0,3.142857142857143,3.1666666666666665,3.375
R269,Yes,Yes,Female,35-44,Master's,Insurance/investment/other licensed financial institution,IT/Technology,2-5,Yes,3,No,Yes,3.0,2.0,3.0,2.0,3.0,2.0,2.0,2.0,3.0,2.0,3.0,2.0,2.0,2.0,2.0,2.0,1.0,1.0,3.0,1.0,1.0,2.0,2.0,3.0,1.0,2.0,4.0,4.0,4.0,3.0,5.0,3.0,4.0,2.0,3.0,,1.0,,2.0,3.0,2.0,3.0,2.0,2.0,2.0,1.0,2.0,1.0,3.0,3.0,3.0,5.0,3.0,4.0,4.0,5.0,4.0,2.4,1.875,1.875,3.5555555555555554,,1.8333333333333333,3.875
R270,Yes,Yes,Male,35-44,Bachelor/HND,Commercial bank,Digital Banking/Product,Less than 2,Yes,3,Yes,Yes,3.0,2.0,4.0,,2.0,2.0,2.0,3.0,3.0,3.0,3.0,3.0,4.0,2.0,2.0,4.0,3.0,4.0,3.0,3.0,2.0,,,3.0,3.0,3.0,2.0,3.0,4.0,3.0,4.0,3.0,2.0,3.0,3.0,4.0,2.0,3.0,4.0,3.0,2.0,3.0,4.0,4.0,4.0,5.0,5.0,4.0,5.0,1.0,1.0,1.0,,2.0,1.0,3.0,1.0,2.6666666666666665,3.125,,3.0,3.125,4.5,1.4285714285714286
R271,Yes,Yes,Male,18-24,Bachelor/HND,Commercial bank,IT/Technology,2-5,Yes,3,Yes,Yes,4.0,3.0,3.0,3.0,3.0,3.0,4.0,4.0,5.0,3.0,3.0,4.0,5.0,4.0,3.0,3.0,4.0,3.0,5.0,5.0,4.0,4.0,4.0,3.0,,2.0,4.0,2.0,2.0,4.0,3.0,4.0,4.0,4.0,3.0,4.0,4.0,3.0,3.0,4.0,4.0,3.0,4.0,3.0,4.0,2.0,3.0,2.0,3.0,3.0,3.0,3.0,4.0,2.0,2.0,3.0,3.0,3.5,3.625,3.857142857142857,3.3333333333333335,3.625,2.8333333333333335,2.875
R272,Yes,Yes,Male,25-34,Master's,Digital bank/neobank,Digital Banking/Product,6-10,Yes,2,No,Yes,2.0,3.0,4.0,2.0,4.0,3.0,3.0,3.0,2.0,3.0,3.0,3.0,5.0,3.0,3.0,4.0,3.0,3.0,3.0,3.0,3.0,2.0,3.0,4.0,4.0,2.0,4.0,4.0,5.0,5.0,5.0,4.0,4.0,3.0,4.0,3.0,3.0,3.0,4.0,4.0,4.0,3.0,4.0,3.0,5.0,3.0,4.0,4.0,3.0,3.0,2.0,3.0,2.0,2.0,3.0,3.0,2.0,2.9,3.375,3.0,4.222222222222222,3.5,3.6666666666666665,2.5
R273,Yes,Yes,Male,25-34,Postgraduate Diploma,Microfinance bank,Management/Strategy,6-10,Yes,4,Yes,Yes,4.0,2.0,4.0,3.0,3.0,3.0,2.0,,3.0,4.0,4.0,2.0,5.0,4.0,5.0,5.0,5.0,4.0,4.0,4.0,2.0,4.0,4.0,3.0,4.0,4.0,3.0,3.0,3.0,3.0,3.0,3.0,3.0,3.0,2.0,4.0,4.0,4.0,3.0,4.0,4.0,5.0,3.0,,5.0,3.0,5.0,5.0,3.0,4.0,5.0,4.0,4.0,4.0,,3.0,2.0,3.111111111111111,4.25,3.625,2.888888888888889,3.875,4.2,3.7142857142857144
R274,Yes,Yes,Male,45-54,Bachelor/HND,Merchant bank,Digital Banking/Product,2-5,Yes,2,Yes,Yes,3.0,2.0,2.0,3.0,2.0,3.0,3.0,3.0,3.0,2.0,3.0,2.0,1.0,1.0,2.0,1.0,2.0,1.0,3.0,3.0,1.0,3.0,4.0,2.0,3.0,3.0,5.0,2.0,3.0,3.0,4.0,3.0,3.0,5.0,4.0,4.0,3.0,2.0,2.0,3.0,3.0,2.0,2.0,3.0,3.0,2.0,,2.0,2.0,2.0,2.0,3.0,3.0,4.0,3.0,3.0,2.0,2.6,1.625,2.75,3.5555555555555554,2.625,2.4,2.75
R275,Yes,Yes,Male,35-44,Master's,Insurance/investment/other licensed financial institution,Data/Analytics/AI,6-10,Yes,3,Yes,Yes,4.0,3.0,4.0,3.0,4.0,4.0,3.0,5.0,4.0,3.0,4.0,4.0,4.0,4.0,5.0,3.0,5.0,4.0,4.0,3.0,3.0,4.0,3.0,3.0,3.0,3.0,1.0,,1.0,,3.0,1.0,3.0,1.0,1.0,5.0,4.0,4.0,4.0,5.0,5.0,4.0,3.0,4.0,4.0,,4.0,2.0,3.0,3.0,2.0,3.0,3.0,3.0,1.0,4.0,1.0,3.7,4.125,3.25,,4.25,3.4,2.5
R276,Yes,Yes,Female,45-54,Diploma/OND/NCE,Microfinance bank,IT/Technology,6-10,Yes,4,Yes,Yes,3.0,2.0,4.0,4.0,2.0,2.0,2.0,4.0,4.0,3.0,3.0,2.0,4.0,4.0,3.0,3.0,4.0,4.0,2.0,3.0,3.0,4.0,3.0,3.0,4.0,4.0,4.0,3.0,4.0,4.0,4.0,3.0,4.0,4.0,3.0,3.0,2.0,3.0,3.0,,4.0,4.0,3.0,5.0,3.0,4.0,5.0,5.0,4.0,3.0,3.0,3.0,4.0,3.0,3.0,3.0,3.0,3.0,3.375,3.25,3.6666666666666665,3.142857142857143,4.333333333333333,3.125
R277,Yes,Yes,Male,35-44,Postgraduate Diploma,Commercial bank,Relationship/Marketing,16 or more,Yes,1,No,Yes,2.0,2.0,1.0,1.0,1.0,1.0,1.0,1.0,1.0,1.0,3.0,2.0,3.0,2.0,4.0,4.0,2.0,4.0,4.0,5.0,4.0,5.0,5.0,5.0,4.0,5.0,3.0,2.0,2.0,2.0,2.0,3.0,3.0,3.0,3.0,3.0,3.0,4.0,3.0,4.0,4.0,2.0,3.0,2.0,4.0,2.0,4.0,2.0,3.0,2.0,2.0,2.0,3.0,2.0,2.0,2.0,2.0,1.2,3.0,4.625,2.5555555555555554,3.25,2.8333333333333335,2.125
R278,Yes,Yes,Male,35-44,Master's,Merchant bank,Relationship/Marketing,6-10,Yes,3,Yes,Yes,2.0,3.0,3.0,4.0,3.0,3.0,3.0,3.0,3.0,3.0,3.0,2.0,4.0,2.0,3.0,3.0,4.0,4.0,3.0,4.0,4.0,3.0,3.0,3.0,,4.0,3.0,5.0,3.0,,4.0,3.0,4.0,3.0,3.0,4.0,3.0,3.0,3.0,4.0,2.0,2.0,3.0,3.0,4.0,2.0,3.0,3.0,3.0,2.0,2.0,3.0,3.0,3.0,2.0,3.0,2.0,3.0,3.125,3.4285714285714284,3.5,3.0,3.0,2.5
R279,Yes,Yes,Prefer not to say,25-34,Diploma/OND/NCE,Fintech/payment provider,Digital Banking/Product,16 or more,Yes,1,No,Yes,,2.0,2.0,2.0,3.0,,2.0,2.0,,2.0,4.0,3.0,3.0,2.0,4.0,3.0,2.0,2.0,3.0,2.0,2.0,3.0,2.0,3.0,3.0,3.0,3.0,2.0,3.0,3.0,3.0,3.0,2.0,2.0,2.0,2.0,2.0,4.0,1.0,2.0,2.0,3.0,2.0,3.0,2.0,2.0,,2.0,2.0,2.0,3.0,4.0,3.0,3.0,3.0,4.0,3.0,,2.875,2.625,2.5555555555555554,2.25,2.2,3.125
R280,Yes,Yes,Female,25-34,Bachelor/HND,Microfinance bank,Customer Experience/Service,2-5,Yes,3,No,Yes,4.0,3.0,4.0,2.0,3.0,3.0,2.0,4.0,4.0,3.0,5.0,4.0,5.0,3.0,2.0,5.0,4.0,3.0,4.0,4.0,3.0,4.0,3.0,4.0,3.0,3.0,4.0,2.0,3.0,4.0,4.0,3.0,3.0,2.0,4.0,4.0,3.0,3.0,3.0,4.0,4.0,4.0,3.0,3.0,4.0,5.0,4.0,4.0,4.0,2.0,3.0,3.0,3.0,3.0,4.0,3.0,3.0,3.2,3.875,3.5,3.2222222222222223,3.5,4.0,3.0
R281,Yes,Yes,Female,45-54,Bachelor/HND,Commercial bank,Digital Banking/Product,2-5,Yes,1,No,Yes,3.0,2.0,3.0,2.0,3.0,3.0,2.0,4.0,3.0,2.0,3.0,3.0,4.0,3.0,4.0,3.0,4.0,3.0,2.0,2.0,3.0,3.0,3.0,4.0,2.0,2.0,4.0,4.0,4.0,4.0,4.0,5.0,4.0,3.0,4.0,3.0,3.0,4.0,2.0,3.0,3.0,3.0,3.0,1.0,2.0,2.0,3.0,4.0,2.0,3.0,3.0,3.0,3.0,3.0,3.0,5.0,3.0,2.7,3.375,2.625,4.0,3.0,2.3333333333333335,3.25
R282,Yes,Yes,Male,35-44,Master's,Commercial bank,Relationship/Marketing,2-5,Yes,2,Do not know,Yes,3.0,2.0,2.0,3.0,2.0,2.0,2.0,2.0,3.0,3.0,2.0,2.0,3.0,1.0,1.0,3.0,1.0,2.0,2.0,3.0,1.0,4.0,2.0,2.0,2.0,1.0,2.0,2.0,2.0,2.0,2.0,2.0,3.0,2.0,2.0,2.0,2.0,2.0,2.0,3.0,3.0,2.0,1.0,4.0,3.0,2.0,4.0,2.0,4.0,3.0,1.0,3.0,3.0,2.0,3.0,3.0,2.0,2.4,1.875,2.125,2.111111111111111,2.125,3.1666666666666665,2.5
R283,Yes,Yes,Male,25-34,Bachelor/HND,Microfinance bank,Customer Experience/Service,11-15,Yes,0,No,Yes,5.0,3.0,3.0,3.0,3.0,3.0,2.0,3.0,3.0,3.0,1.0,2.0,3.0,1.0,3.0,3.0,3.0,3.0,3.0,3.0,2.0,1.0,3.0,2.0,2.0,3.0,4.0,2.0,4.0,2.0,4.0,3.0,3.0,2.0,4.0,2.0,3.0,1.0,1.0,2.0,3.0,2.0,2.0,1.0,3.0,2.0,2.0,3.0,2.0,2.0,2.0,2.0,2.0,3.0,3.0,4.0,3.0,3.1,2.375,2.375,3.111111111111111,2.0,2.1666666666666665,2.625
R284,Yes,Yes,Female,25-34,Bachelor/HND,Commercial bank,Customer Experience/Service,2-5,Yes,3,Yes,Yes,3.0,3.0,4.0,1.0,3.0,3.0,3.0,2.0,3.0,3.0,5.0,5.0,5.0,4.0,5.0,4.0,4.0,5.0,3.0,5.0,4.0,4.0,3.0,4.0,4.0,3.0,4.0,3.0,4.0,3.0,3.0,3.0,3.0,2.0,3.0,3.0,4.0,4.0,4.0,4.0,2.0,3.0,4.0,3.0,3.0,2.0,,3.0,3.0,,2.0,5.0,4.0,3.0,4.0,3.0,3.0,2.8,4.625,3.75,3.111111111111111,3.5,2.8,3.4285714285714284
R285,Yes,Yes,Male,35-44,Postgraduate Diploma,Fintech/payment provider,Digital Banking/Product,2-5,Yes,1,Yes,Yes,3.0,3.0,3.0,2.0,3.0,3.0,2.0,3.0,2.0,4.0,2.0,2.0,2.0,2.0,3.0,3.0,4.0,3.0,3.0,2.0,3.0,2.0,2.0,2.0,2.0,3.0,3.0,2.0,2.0,2.0,4.0,2.0,2.0,3.0,3.0,3.0,2.0,2.0,3.0,2.0,2.0,3.0,3.0,3.0,2.0,4.0,3.0,2.0,3.0,1.0,2.0,2.0,2.0,2.0,2.0,3.0,1.0,2.8,2.625,2.375,2.5555555555555554,2.5,2.8333333333333335,1.875
R286,Yes,Yes,Male,25-34,Bachelor/HND,Digital bank/neobank,Risk/Compliance,6-10,Yes,3,Yes,Yes,2.0,2.0,2.0,2.0,2.0,2.0,2.0,2.0,2.0,3.0,1.0,,2.0,1.0,1.0,1.0,1.0,2.0,2.0,3.0,2.0,2.0,3.0,4.0,2.0,2.0,3.0,3.0,3.0,3.0,3.0,3.0,2.0,3.0,3.0,4.0,1.0,2.0,2.0,3.0,3.0,3.0,2.0,4.0,4.0,3.0,5.0,4.0,4.0,4.0,4.0,4.0,3.0,3.0,5.0,3.0,3.0,2.1,1.2857142857142858,2.5,2.888888888888889,2.5,4.0,3.625
R287,Yes,Yes,Female,55 or above,Bachelor/HND,Commercial bank,Digital Banking/Product,6-10,Yes,3,Yes,Yes,2.0,2.0,4.0,2.0,2.0,3.0,3.0,3.0,4.0,2.0,4.0,3.0,3.0,,3.0,4.0,3.0,3.0,3.0,3.0,3.0,4.0,3.0,4.0,3.0,3.0,3.0,2.0,3.0,2.0,3.0,2.0,3.0,2.0,3.0,4.0,4.0,4.0,4.0,5.0,4.0,4.0,4.0,2.0,2.0,2.0,2.0,4.0,2.0,3.0,2.0,4.0,3.0,2.0,3.0,3.0,3.0,2.7,3.2857142857142856,3.25,2.5555555555555554,4.125,2.3333333333333335,2.875
R288,Yes,Yes,Female,18-24,Bachelor/HND,Commercial bank,Digital Banking/Product,6-10,Yes,1,Do not know,Yes,4.0,3.0,3.0,3.0,3.0,4.0,3.0,3.0,3.0,3.0,1.0,1.0,3.0,2.0,2.0,2.0,2.0,1.0,2.0,3.0,2.0,3.0,3.0,4.0,3.0,2.0,1.0,2.0,1.0,1.0,2.0,1.0,1.0,2.0,3.0,4.0,1.0,3.0,2.0,3.0,2.0,2.0,1.0,3.0,3.0,2.0,2.0,3.0,1.0,4.0,2.0,4.0,2.0,3.0,2.0,3.0,4.0,3.2,1.75,2.75,1.5555555555555556,2.25,2.3333333333333335,3.0
R289,Yes,Yes,Male,45-54,Bachelor/HND,Digital bank/neobank,Customer Experience/Service,6-10,Yes,4,No,Yes,3.0,5.0,3.0,4.0,4.0,5.0,3.0,3.0,4.0,3.0,3.0,2.0,3.0,1.0,2.0,3.0,3.0,2.0,3.0,5.0,3.0,3.0,3.0,3.0,4.0,4.0,3.0,2.0,3.0,2.0,4.0,3.0,4.0,2.0,3.0,2.0,4.0,3.0,2.0,2.0,1.0,2.0,2.0,2.0,4.0,2.0,3.0,4.0,3.0,3.0,1.0,2.0,2.0,2.0,3.0,3.0,2.0,3.7,2.375,3.5,2.888888888888889,2.25,3.0,2.25
R290,Yes,Yes,Male,25-34,Bachelor/HND,Commercial bank,IT/Technology,6-10,Yes,1,Yes,Yes,3.0,3.0,3.0,1.0,3.0,3.0,2.0,3.0,3.0,3.0,2.0,2.0,3.0,1.0,2.0,2.0,3.0,4.0,2.0,2.0,2.0,3.0,2.0,3.0,1.0,3.0,3.0,2.0,1.0,1.0,2.0,2.0,1.0,3.0,3.0,3.0,1.0,,1.0,2.0,1.0,2.0,2.0,2.0,3.0,2.0,2.0,2.0,2.0,5.0,3.0,4.0,3.0,4.0,3.0,4.0,3.0,2.7,2.375,2.25,2.0,1.7142857142857142,2.1666666666666665,3.625
R291,Yes,Yes,Male,18-24,Diploma/OND/NCE,Insurance/investment/other licensed financial institution,Risk/Compliance,6-10,Yes,1,No,Yes,2.0,2.0,4.0,3.0,2.0,3.0,,4.0,2.0,3.0,3.0,4.0,4.0,3.0,3.0,3.0,4.0,2.0,2.0,3.0,1.0,3.0,2.0,2.0,3.0,2.0,2.0,1.0,3.0,2.0,3.0,2.0,3.0,3.0,3.0,3.0,3.0,3.0,3.0,3.0,3.0,1.0,2.0,3.0,3.0,3.0,3.0,1.0,2.0,3.0,4.0,2.0,3.0,2.0,4.0,3.0,2.0,2.7777777777777777,3.25,2.25,2.4444444444444446,2.625,2.5,2.875
R292,Yes,Yes,Female,45-54,Master's,Digital bank/neobank,Relationship/Marketing,16 or more,Yes,3,Yes,Yes,4.0,4.0,5.0,3.0,4.0,4.0,3.0,3.0,4.0,3.0,2.0,3.0,3.0,2.0,2.0,3.0,2.0,3.0,2.0,4.0,3.0,3.0,2.0,3.0,3.0,3.0,5.0,4.0,5.0,4.0,3.0,5.0,5.0,4.0,5.0,,3.0,3.0,3.0,4.0,2.0,2.0,3.0,3.0,2.0,3.0,5.0,2.0,3.0,4.0,2.0,4.0,3.0,,3.0,4.0,4.0,3.7,2.5,2.875,4.444444444444445,2.857142857142857,3.0,3.4285714285714284
R293,Yes,Yes,Female,25-34,Postgraduate Diploma,Fintech/payment provider,Other,16 or more,Yes,2,Yes,Yes,2.0,,3.0,2.0,2.0,3.0,2.0,2.0,2.0,2.0,3.0,2.0,3.0,3.0,3.0,2.0,3.0,3.0,2.0,2.0,2.0,2.0,3.0,3.0,4.0,3.0,3.0,3.0,3.0,2.0,3.0,4.0,3.0,3.0,3.0,3.0,4.0,3.0,2.0,4.0,3.0,3.0,2.0,2.0,4.0,4.0,3.0,4.0,2.0,3.0,2.0,3.0,3.0,3.0,2.0,3.0,3.0,2.2222222222222223,2.75,2.625,3.0,3.0,3.1666666666666665,2.75
R294,Yes,Yes,Male,35-44,Diploma/OND/NCE,Commercial bank,Digital Banking/Product,6-10,Yes,3,No,Yes,3.0,2.0,4.0,3.0,2.0,4.0,2.0,3.0,3.0,2.0,3.0,2.0,3.0,2.0,2.0,3.0,3.0,3.0,1.0,2.0,2.0,1.0,1.0,3.0,2.0,2.0,4.0,3.0,2.0,1.0,3.0,3.0,3.0,2.0,3.0,2.0,2.0,2.0,3.0,2.0,3.0,3.0,3.0,3.0,3.0,3.0,4.0,3.0,4.0,3.0,3.0,4.0,4.0,3.0,2.0,5.0,4.0,2.8,2.625,1.75,2.6666666666666665,2.5,3.3333333333333335,3.5
R295,Yes,Yes,Female,55 or above,Bachelor/HND,Microfinance bank,Relationship/Marketing,11-15,Yes,0,No,Yes,4.0,3.0,3.0,3.0,5.0,4.0,4.0,4.0,3.0,3.0,2.0,3.0,3.0,2.0,1.0,2.0,2.0,2.0,2.0,3.0,3.0,3.0,2.0,3.0,2.0,2.0,2.0,1.0,2.0,2.0,2.0,2.0,2.0,2.0,1.0,3.0,4.0,4.0,3.0,4.0,3.0,4.0,2.0,3.0,3.0,2.0,2.0,2.0,2.0,3.0,3.0,4.0,3.0,2.0,3.0,3.0,3.0,3.6,2.125,2.5,1.7777777777777777,3.375,2.3333333333333335,3.0
R296,Yes,Yes,Female,25-34,Diploma/OND/NCE,Commercial bank,Data/Analytics/AI,2-5,Yes,1,No,Yes,2.0,3.0,3.0,4.0,2.0,4.0,2.0,3.0,3.0,3.0,3.0,2.0,3.0,3.0,2.0,3.0,,2.0,3.0,,3.0,4.0,2.0,3.0,4.0,3.0,4.0,4.0,3.0,4.0,4.0,5.0,4.0,5.0,4.0,3.0,2.0,4.0,3.0,3.0,3.0,3.0,3.0,2.0,3.0,2.0,3.0,2.0,3.0,2.0,2.0,3.0,2.0,3.0,3.0,3.0,2.0,2.9,2.5714285714285716,3.142857142857143,4.111111111111111,3.0,2.5,2.5
R297,Yes,Yes,Male,25-34,Bachelor/HND,Fintech/payment provider,Risk/Compliance,2-5,Yes,1,Yes,Yes,3.0,3.0,4.0,2.0,1.0,2.0,2.0,,3.0,2.0,4.0,3.0,4.0,2.0,4.0,3.0,4.0,3.0,4.0,4.0,4.0,3.0,4.0,4.0,4.0,3.0,3.0,2.0,4.0,3.0,4.0,3.0,3.0,3.0,3.0,4.0,3.0,3.0,2.0,3.0,4.0,2.0,3.0,3.0,4.0,3.0,4.0,5.0,3.0,3.0,2.0,4.0,3.0,3.0,2.0,3.0,2.0,2.4444444444444446,3.375,3.75,3.111111111111111,3.0,3.6666666666666665,2.75
R298,Yes,Yes,Male,35-44,Bachelor/HND,Commercial bank,IT/Technology,6-10,Yes,2,Yes,Yes,3.0,3.0,2.0,2.0,3.0,2.0,2.0,3.0,3.0,2.0,3.0,2.0,3.0,4.0,3.0,4.0,4.0,3.0,4.0,3.0,3.0,3.0,3.0,5.0,3.0,2.0,3.0,4.0,4.0,3.0,4.0,3.0,3.0,4.0,2.0,3.0,2.0,4.0,3.0,3.0,3.0,3.0,3.0,2.0,3.0,2.0,3.0,2.0,3.0,4.0,3.0,4.0,3.0,3.0,3.0,5.0,3.0,2.5,3.25,3.25,3.3333333333333335,3.0,2.5,3.5
R299,Yes,Yes,Male,25-34,Bachelor/HND,Commercial bank,Digital Banking/Product,Less than 2,Yes,3,Do not know,Yes,3.0,3.0,3.0,2.0,2.0,3.0,3.0,2.0,4.0,3.0,3.0,3.0,4.0,3.0,4.0,4.0,4.0,4.0,3.0,5.0,3.0,5.0,3.0,4.0,5.0,4.0,4.0,4.0,4.0,2.0,3.0,3.0,4.0,4.0,4.0,4.0,2.0,5.0,3.0,4.0,3.0,3.0,4.0,3.0,,1.0,4.0,3.0,3.0,4.0,3.0,5.0,4.0,5.0,5.0,5.0,4.0,2.8,3.625,4.0,3.5555555555555554,3.5,2.8,4.375
R300,Yes,Yes,Male,35-44,Bachelor/HND,Fintech/payment provider,Digital Banking/Product,Less than 2,Yes,1,Yes,Yes,4.0,4.0,4.0,2.0,4.0,4.0,3.0,4.0,5.0,4.0,2.0,3.0,3.0,3.0,3.0,3.0,3.0,2.0,1.0,3.0,2.0,3.0,3.0,3.0,3.0,2.0,5.0,4.0,4.0,3.0,5.0,4.0,5.0,4.0,4.0,1.0,2.0,3.0,2.0,3.0,3.0,2.0,2.0,3.0,3.0,2.0,3.0,2.0,2.0,4.0,3.0,4.0,4.0,4.0,3.0,5.0,3.0,3.8,2.75,2.5,4.222222222222222,2.25,2.5,3.75
R301,Yes,Yes,Male,25-34,Bachelor/HND,Commercial bank,Data/Analytics/AI,6-10,Yes,0,Yes,Yes,3.0,3.0,2.0,3.0,3.0,3.0,2.0,3.0,4.0,3.0,3.0,3.0,4.0,2.0,3.0,3.0,3.0,2.0,3.0,3.0,3.0,4.0,3.0,4.0,3.0,3.0,4.0,4.0,4.0,3.0,4.0,4.0,5.0,4.0,4.0,4.0,3.0,4.0,3.0,4.0,,4.0,3.0,2.0,,3.0,4.0,3.0,2.0,2.0,1.0,2.0,2.0,2.0,1.0,2.0,1.0,2.9,2.875,3.25,4.0,3.5714285714285716,2.8,1.625
R302,Yes,Yes,Female,55 or above,Bachelor/HND,Digital bank/neobank,IT/Technology,2-5,Yes,4,No,Yes,3.0,4.0,2.0,3.0,4.0,5.0,2.0,3.0,3.0,2.0,5.0,5.0,5.0,5.0,4.0,5.0,5.0,4.0,4.0,4.0,3.0,5.0,4.0,5.0,5.0,3.0,4.0,4.0,4.0,3.0,3.0,4.0,4.0,3.0,4.0,4.0,5.0,5.0,5.0,5.0,5.0,4.0,5.0,3.0,4.0,3.0,4.0,3.0,4.0,3.0,2.0,4.0,4.0,4.0,3.0,4.0,4.0,3.1,4.75,4.125,3.6666666666666665,4.75,3.5,3.5
R303,Yes,Yes,Male,25-34,Bachelor/HND,Digital bank/neobank,Digital Banking/Product,Less than 2,Yes,1,Yes,Yes,2.0,3.0,3.0,2.0,2.0,3.0,3.0,3.0,2.0,3.0,4.0,4.0,3.0,3.0,2.0,3.0,3.0,2.0,2.0,2.0,2.0,2.0,2.0,2.0,2.0,4.0,4.0,2.0,3.0,3.0,3.0,3.0,4.0,1.0,3.0,2.0,2.0,2.0,2.0,3.0,2.0,3.0,3.0,4.0,5.0,2.0,3.0,4.0,3.0,4.0,3.0,5.0,4.0,4.0,3.0,5.0,4.0,2.6,3.0,2.25,2.888888888888889,2.375,3.5,4.0
R304,Yes,Yes,Male,25-34,Bachelor/HND,Fintech/payment provider,IT/Technology,Less than 2,Yes,0,No,Yes,3.0,2.0,3.0,3.0,2.0,4.0,2.0,2.0,3.0,3.0,3.0,2.0,4.0,3.0,2.0,3.0,3.0,2.0,2.0,1.0,3.0,3.0,3.0,3.0,2.0,2.0,3.0,2.0,2.0,2.0,2.0,2.0,1.0,2.0,2.0,2.0,3.0,3.0,2.0,4.0,4.0,2.0,2.0,3.0,2.0,2.0,4.0,3.0,2.0,4.0,4.0,5.0,3.0,5.0,5.0,5.0,4.0,2.7,2.75,2.375,2.0,2.75,2.6666666666666665,4.375
R305,Yes,Yes,Female,18-24,Bachelor/HND,Fintech/payment provider,Risk/Compliance,16 or more,Yes,3,Yes,Yes,3.0,2.0,3.0,3.0,4.0,3.0,2.0,2.0,2.0,3.0,2.0,2.0,3.0,2.0,2.0,2.0,2.0,1.0,3.0,3.0,3.0,4.0,3.0,4.0,2.0,2.0,2.0,4.0,2.0,2.0,3.0,3.0,4.0,3.0,3.0,3.0,2.0,3.0,2.0,2.0,2.0,2.0,3.0,3.0,3.0,3.0,3.0,3.0,3.0,3.0,3.0,3.0,2.0,4.0,3.0,4.0,3.0,2.7,2.0,3.0,2.888888888888889,2.375,3.0,3.125
R306,Yes,Yes,Female,35-44,Master's,Commercial bank,Data/Analytics/AI,2-5,Yes,3,Yes,Yes,4.0,2.0,4.0,2.0,3.0,4.0,2.0,3.0,4.0,2.0,5.0,3.0,4.0,3.0,3.0,4.0,3.0,4.0,5.0,4.0,2.0,4.0,2.0,5.0,2.0,3.0,4.0,4.0,4.0,2.0,5.0,3.0,3.0,3.0,4.0,2.0,3.0,2.0,1.0,2.0,2.0,2.0,2.0,4.0,4.0,2.0,4.0,4.0,3.0,3.0,2.0,2.0,3.0,3.0,3.0,3.0,3.0,3.0,3.625,3.375,3.5555555555555554,2.0,3.5,2.75
R307,Yes,Yes,Female,35-44,Postgraduate Diploma,Insurance/investment/other licensed financial institution,Customer Experience/Service,2-5,Yes,2,Yes,Yes,2.0,1.0,2.0,,2.0,1.0,1.0,1.0,1.0,1.0,4.0,2.0,3.0,2.0,2.0,2.0,2.0,2.0,1.0,1.0,1.0,2.0,2.0,1.0,2.0,2.0,4.0,3.0,4.0,4.0,3.0,3.0,4.0,3.0,3.0,4.0,3.0,2.0,4.0,3.0,2.0,2.0,3.0,3.0,3.0,3.0,4.0,4.0,3.0,1.0,2.0,3.0,3.0,3.0,3.0,2.0,1.0,1.3333333333333333,2.375,1.5,3.4444444444444446,2.875,3.3333333333333335,2.25
R308,Yes,Yes,Female,25-34,Master's,Digital bank/neobank,Customer Experience/Service,Less than 2,Yes,2,Yes,Yes,2.0,3.0,3.0,3.0,4.0,2.0,3.0,2.0,3.0,2.0,4.0,4.0,5.0,4.0,4.0,3.0,4.0,3.0,4.0,5.0,5.0,5.0,5.0,4.0,4.0,5.0,4.0,4.0,3.0,4.0,3.0,3.0,4.0,3.0,3.0,3.0,2.0,4.0,2.0,3.0,3.0,4.0,3.0,4.0,4.0,3.0,4.0,3.0,4.0,4.0,4.0,4.0,3.0,3.0,3.0,3.0,3.0,2.7,3.875,4.625,3.4444444444444446,3.0,3.6666666666666665,3.375
R309,Yes,Yes,Male,45-54,Postgraduate Diploma,Merchant bank,Management/Strategy,2-5,Yes,2,Yes,Yes,3.0,2.0,3.0,3.0,3.0,4.0,2.0,2.0,4.0,3.0,3.0,2.0,3.0,3.0,3.0,4.0,3.0,2.0,2.0,2.0,2.0,3.0,2.0,3.0,2.0,3.0,2.0,2.0,2.0,1.0,3.0,1.0,2.0,1.0,2.0,3.0,2.0,3.0,2.0,4.0,3.0,3.0,3.0,3.0,3.0,3.0,4.0,4.0,2.0,4.0,3.0,3.0,4.0,3.0,3.0,3.0,3.0,2.9,2.875,2.375,1.7777777777777777,2.875,3.1666666666666665,3.25
R310,Yes,Yes,Female,45-54,Master's,Fintech/payment provider,Data/Analytics/AI,2-5,Yes,4,Yes,Yes,5.0,3.0,3.0,3.0,3.0,4.0,2.0,4.0,4.0,3.0,4.0,5.0,4.0,4.0,3.0,4.0,4.0,4.0,4.0,4.0,3.0,4.0,3.0,4.0,4.0,5.0,3.0,2.0,3.0,1.0,2.0,2.0,2.0,1.0,2.0,3.0,4.0,4.0,2.0,3.0,3.0,4.0,3.0,5.0,,5.0,4.0,4.0,4.0,3.0,3.0,1.0,2.0,2.0,2.0,2.0,2.0,3.4,4.0,3.875,2.0,3.25,4.4,2.125
R311,Yes,Yes,Male,45-54,Bachelor/HND,Fintech/payment provider,Risk/Compliance,11-15,Yes,2,Yes,Yes,3.0,3.0,4.0,2.0,3.0,4.0,3.0,3.0,2.0,2.0,1.0,2.0,3.0,2.0,1.0,2.0,3.0,3.0,3.0,3.0,2.0,4.0,3.0,4.0,3.0,3.0,1.0,,2.0,1.0,4.0,2.0,2.0,2.0,1.0,3.0,3.0,2.0,2.0,3.0,2.0,2.0,3.0,3.0,4.0,3.0,4.0,3.0,3.0,3.0,2.0,3.0,2.0,4.0,3.0,4.0,3.0,2.9,2.125,3.125,1.875,2.5,3.3333333333333335,3.0
R312,Yes,Yes,Female,25-34,Bachelor/HND,Insurance/investment/other licensed financial institution,IT/Technology,6-10,Yes,0,No,Yes,3.0,4.0,3.0,2.0,3.0,3.0,2.0,3.0,3.0,4.0,2.0,3.0,3.0,4.0,3.0,3.0,3.0,3.0,4.0,3.0,3.0,2.0,3.0,3.0,3.0,2.0,3.0,2.0,2.0,2.0,3.0,3.0,3.0,,3.0,4.0,3.0,3.0,2.0,4.0,4.0,4.0,3.0,1.0,1.0,2.0,2.0,2.0,3.0,4.0,3.0,4.0,2.0,2.0,3.0,4.0,3.0,3.0,3.0,2.875,2.625,3.375,1.8333333333333333,3.125
R313,Yes,Yes,Prefer not to say,45-54,Other,Microfinance bank,Data/Analytics/AI,16 or more,Yes,0,Do not know,Yes,4.0,3.0,3.0,4.0,4.0,5.0,4.0,3.0,3.0,4.0,3.0,3.0,3.0,3.0,3.0,4.0,4.0,4.0,3.0,4.0,2.0,4.0,2.0,3.0,3.0,2.0,3.0,4.0,4.0,4.0,4.0,4.0,2.0,3.0,4.0,5.0,4.0,4.0,4.0,4.0,4.0,4.0,3.0,2.0,3.0,3.0,4.0,4.0,3.0,2.0,3.0,4.0,2.0,4.0,3.0,3.0,3.0,3.7,3.375,2.875,3.5555555555555554,4.0,3.1666666666666665,3.0
R314,Yes,Yes,Female,18-24,Master's,Merchant bank,Relationship/Marketing,2-5,Yes,1,Do not know,Yes,4.0,3.0,5.0,3.0,4.0,4.0,4.0,,4.0,4.0,3.0,4.0,4.0,4.0,2.0,4.0,4.0,4.0,3.0,3.0,3.0,3.0,3.0,3.0,3.0,4.0,5.0,4.0,4.0,4.0,4.0,,3.0,3.0,4.0,4.0,3.0,2.0,4.0,4.0,3.0,3.0,3.0,2.0,3.0,3.0,3.0,3.0,3.0,3.0,3.0,3.0,2.0,3.0,3.0,4.0,3.0,3.888888888888889,3.625,3.125,3.875,3.25,2.8333333333333335,3.0
R315,Yes,Yes,Male,35-44,Bachelor/HND,Commercial bank,Data/Analytics/AI,11-15,Yes,2,Yes,Yes,4.0,2.0,2.0,3.0,2.0,3.0,2.0,2.0,3.0,3.0,4.0,2.0,4.0,3.0,4.0,3.0,5.0,4.0,2.0,5.0,3.0,4.0,3.0,4.0,4.0,3.0,3.0,3.0,3.0,3.0,4.0,2.0,4.0,3.0,4.0,4.0,3.0,4.0,3.0,3.0,2.0,3.0,2.0,3.0,4.0,3.0,3.0,3.0,3.0,3.0,4.0,3.0,2.0,3.0,4.0,4.0,2.0,2.6,3.625,3.5,3.2222222222222223,3.0,3.1666666666666665,3.125
R316,Yes,Yes,Female,45-54,Bachelor/HND,Fintech/payment provider,Customer Experience/Service,2-5,Yes,2,No,Yes,4.0,4.0,4.0,3.0,3.0,4.0,3.0,4.0,5.0,3.0,3.0,3.0,3.0,2.0,3.0,3.0,3.0,3.0,3.0,4.0,2.0,3.0,3.0,3.0,2.0,2.0,4.0,3.0,5.0,3.0,5.0,4.0,4.0,4.0,4.0,,3.0,,3.0,4.0,4.0,4.0,4.0,3.0,3.0,1.0,4.0,3.0,3.0,3.0,3.0,2.0,2.0,4.0,3.0,4.0,3.0,3.7,2.875,2.75,4.0,,2.8333333333333335,3.0
R317,Yes,Yes,Male,25-34,Master's,Merchant bank,Risk/Compliance,Less than 2,Yes,1,Do not know,Yes,3.0,2.0,3.0,1.0,3.0,3.0,1.0,3.0,3.0,3.0,4.0,4.0,5.0,2.0,4.0,4.0,4.0,3.0,2.0,5.0,3.0,4.0,2.0,5.0,4.0,4.0,3.0,1.0,2.0,3.0,3.0,3.0,4.0,3.0,1.0,5.0,4.0,5.0,4.0,4.0,4.0,4.0,4.0,3.0,4.0,1.0,2.0,3.0,2.0,2.0,1.0,4.0,2.0,1.0,3.0,4.0,2.0,2.5,3.75,3.625,2.5555555555555554,4.25,2.5,2.375
R318,Yes,Yes,Female,35-44,Doctorate,Fintech/payment provider,Data/Analytics/AI,2-5,Yes,4,Yes,Yes,2.0,2.0,2.0,2.0,1.0,3.0,2.0,2.0,1.0,3.0,5.0,5.0,5.0,4.0,5.0,5.0,4.0,4.0,3.0,4.0,3.0,4.0,4.0,3.0,5.0,4.0,4.0,2.0,4.0,2.0,4.0,3.0,4.0,2.0,3.0,5.0,3.0,4.0,4.0,5.0,3.0,4.0,5.0,4.0,3.0,3.0,2.0,4.0,3.0,4.0,2.0,3.0,4.0,3.0,3.0,4.0,4.0,2.0,4.625,3.75,3.111111111111111,4.125,3.1666666666666665,3.375
R319,Yes,Yes,Female,25-34,Bachelor/HND,Commercial bank,Digital Banking/Product,6-10,Yes,2,Yes,Yes,3.0,4.0,3.0,3.0,4.0,4.0,2.0,3.0,4.0,4.0,2.0,2.0,2.0,1.0,1.0,3.0,2.0,2.0,1.0,2.0,2.0,3.0,2.0,3.0,2.0,2.0,4.0,2.0,2.0,3.0,3.0,3.0,2.0,2.0,3.0,3.0,4.0,2.0,1.0,3.0,2.0,3.0,2.0,4.0,4.0,3.0,,3.0,3.0,2.0,3.0,2.0,2.0,4.0,2.0,3.0,2.0,3.4,1.875,2.125,2.6666666666666665,2.5,3.4,2.5
R320,Yes,Yes,Male,25-34,Master's,Commercial bank,Data/Analytics/AI,2-5,Yes,4,Yes,Yes,3.0,3.0,4.0,3.0,4.0,4.0,4.0,4.0,4.0,3.0,3.0,2.0,4.0,3.0,3.0,2.0,3.0,2.0,3.0,2.0,1.0,3.0,1.0,3.0,3.0,3.0,2.0,3.0,4.0,3.0,3.0,4.0,2.0,4.0,4.0,2.0,2.0,3.0,3.0,2.0,3.0,3.0,1.0,3.0,3.0,3.0,3.0,4.0,3.0,3.0,3.0,4.0,3.0,4.0,4.0,4.0,3.0,3.6,2.75,2.375,3.2222222222222223,2.375,3.1666666666666665,3.5
R321,Yes,Yes,Male,25-34,Bachelor/HND,Commercial bank,Risk/Compliance,11-15,Yes,1,Yes,Yes,3.0,2.0,3.0,3.0,4.0,3.0,3.0,,3.0,2.0,3.0,4.0,3.0,2.0,3.0,3.0,3.0,1.0,1.0,2.0,1.0,3.0,3.0,2.0,3.0,2.0,3.0,4.0,2.0,3.0,3.0,3.0,2.0,2.0,4.0,3.0,4.0,3.0,3.0,4.0,2.0,3.0,3.0,3.0,2.0,2.0,3.0,3.0,2.0,3.0,3.0,4.0,4.0,3.0,3.0,4.0,3.0,2.888888888888889,2.75,2.125,2.888888888888889,3.125,2.5,3.375
R322,Yes,Yes,Female,45-54,Bachelor/HND,Commercial bank,Customer Experience/Service,2-5,Yes,4,Yes,Yes,5.0,5.0,5.0,3.0,5.0,5.0,4.0,5.0,5.0,4.0,4.0,3.0,5.0,4.0,4.0,5.0,4.0,4.0,3.0,4.0,3.0,4.0,3.0,5.0,4.0,4.0,3.0,3.0,2.0,2.0,5.0,4.0,3.0,3.0,,3.0,3.0,4.0,3.0,4.0,4.0,4.0,3.0,4.0,,3.0,4.0,4.0,4.0,2.0,2.0,2.0,1.0,3.0,3.0,3.0,3.0,4.6,4.125,3.75,3.125,3.5,3.8,2.375
R323,Yes,Yes,Male,35-44,Bachelor/HND,Digital bank/neobank,Other,2-5,Yes,2,Yes,Yes,2.0,1.0,1.0,2.0,,2.0,2.0,2.0,2.0,2.0,3.0,2.0,3.0,2.0,3.0,3.0,4.0,2.0,2.0,,1.0,3.0,1.0,3.0,2.0,3.0,5.0,4.0,3.0,3.0,4.0,3.0,4.0,5.0,5.0,4.0,3.0,3.0,3.0,3.0,3.0,4.0,2.0,3.0,3.0,2.0,3.0,3.0,3.0,4.0,3.0,3.0,2.0,2.0,2.0,3.0,3.0,1.7777777777777777,2.75,2.142857142857143,4.0,3.125,2.8333333333333335,2.75
R324,Yes,Yes,Male,45-54,Bachelor/HND,Digital bank/neobank,Digital Banking/Product,6-10,Yes,0,Do not know,Yes,4.0,3.0,4.0,,3.0,3.0,2.0,3.0,3.0,3.0,3.0,2.0,4.0,2.0,3.0,3.0,2.0,4.0,3.0,3.0,3.0,4.0,4.0,5.0,5.0,3.0,4.0,,,3.0,4.0,3.0,3.0,2.0,3.0,5.0,4.0,3.0,5.0,4.0,4.0,4.0,3.0,2.0,4.0,3.0,4.0,4.0,2.0,3.0,2.0,2.0,3.0,4.0,4.0,4.0,3.0,3.111111111111111,2.875,3.75,,4.0,3.1666666666666665,3.125
R325,Yes,Yes,Prefer not to say,35-44,Bachelor/HND,Commercial bank,Management/Strategy,2-5,Yes,2,Yes,Yes,3.0,2.0,3.0,2.0,2.0,4.0,2.0,3.0,3.0,3.0,3.0,3.0,4.0,3.0,4.0,3.0,4.0,4.0,2.0,2.0,2.0,3.0,2.0,3.0,3.0,3.0,3.0,3.0,4.0,3.0,4.0,4.0,4.0,,4.0,3.0,3.0,4.0,5.0,4.0,3.0,4.0,2.0,3.0,5.0,3.0,4.0,3.0,,4.0,3.0,4.0,4.0,5.0,3.0,4.0,3.0,2.7,3.5,2.5,3.625,3.5,3.6,3.75
R326,Yes,Yes,Male,25-34,Master's,Commercial bank,Relationship/Marketing,Less than 2,Yes,1,Do not know,Yes,2.0,3.0,3.0,3.0,3.0,3.0,2.0,3.0,3.0,2.0,4.0,2.0,3.0,2.0,2.0,2.0,5.0,4.0,4.0,5.0,3.0,,3.0,4.0,4.0,4.0,2.0,3.0,1.0,2.0,2.0,2.0,2.0,2.0,2.0,4.0,4.0,3.0,3.0,,2.0,2.0,4.0,3.0,5.0,3.0,4.0,5.0,4.0,2.0,3.0,3.0,3.0,2.0,3.0,2.0,3.0,2.7,3.0,3.857142857142857,2.0,3.142857142857143,4.0,2.625
R327,Yes,Yes,Male,25-34,Diploma/OND/NCE,Commercial bank,Customer Experience/Service,2-5,Yes,2,No,Yes,4.0,2.0,4.0,3.0,,2.0,2.0,3.0,3.0,2.0,3.0,3.0,4.0,2.0,3.0,3.0,4.0,2.0,3.0,3.0,2.0,3.0,4.0,4.0,2.0,3.0,3.0,3.0,3.0,2.0,3.0,3.0,4.0,3.0,,3.0,2.0,2.0,3.0,3.0,3.0,2.0,2.0,3.0,3.0,2.0,3.0,3.0,3.0,4.0,3.0,4.0,2.0,3.0,4.0,3.0,4.0,2.7777777777777777,3.0,3.0,3.0,2.5,2.8333333333333335,3.375
R328,Yes,Yes,Female,25-34,Bachelor/HND,Fintech/payment provider,Management/Strategy,Less than 2,Yes,3,Yes,Yes,4.0,3.0,3.0,3.0,4.0,3.0,2.0,3.0,4.0,2.0,3.0,3.0,4.0,1.0,3.0,3.0,3.0,4.0,3.0,4.0,3.0,5.0,5.0,5.0,3.0,4.0,4.0,3.0,4.0,5.0,5.0,5.0,4.0,5.0,5.0,5.0,3.0,5.0,4.0,4.0,3.0,4.0,4.0,3.0,4.0,3.0,4.0,4.0,3.0,3.0,3.0,2.0,4.0,3.0,3.0,4.0,3.0,3.1,3.0,4.0,4.444444444444445,4.0,3.5,3.125
R329,Yes,Yes,Male,25-34,Bachelor/HND,Insurance/investment/other licensed financial institution,Other,Less than 2,Yes,4,Yes,Yes,2.0,2.0,3.0,2.0,3.0,2.0,2.0,3.0,3.0,1.0,4.0,2.0,3.0,2.0,3.0,3.0,3.0,2.0,2.0,3.0,3.0,3.0,3.0,3.0,3.0,4.0,2.0,3.0,3.0,2.0,4.0,2.0,4.0,2.0,3.0,4.0,2.0,2.0,2.0,3.0,3.0,3.0,2.0,4.0,3.0,3.0,3.0,3.0,4.0,5.0,3.0,5.0,3.0,3.0,3.0,3.0,3.0,2.3,2.75,3.0,2.7777777777777777,2.625,3.3333333333333335,3.5
R330,Yes,Yes,Male,35-44,Other,Insurance/investment/other licensed financial institution,Management/Strategy,Less than 2,Yes,4,Yes,Yes,4.0,4.0,5.0,4.0,4.0,3.0,4.0,3.0,5.0,3.0,4.0,5.0,5.0,3.0,4.0,4.0,3.0,5.0,5.0,4.0,4.0,4.0,4.0,5.0,4.0,4.0,5.0,3.0,4.0,4.0,5.0,4.0,4.0,5.0,4.0,4.0,,4.0,4.0,5.0,4.0,4.0,4.0,4.0,4.0,4.0,4.0,4.0,3.0,2.0,2.0,4.0,3.0,3.0,3.0,3.0,4.0,3.9,4.125,4.25,4.222222222222222,4.142857142857143,3.8333333333333335,3.0
R331,Yes,Yes,Female,35-44,Bachelor/HND,Digital bank/neobank,IT/Technology,6-10,Yes,0,No,Yes,3.0,3.0,2.0,3.0,2.0,4.0,3.0,3.0,4.0,3.0,3.0,3.0,3.0,3.0,4.0,4.0,3.0,3.0,2.0,1.0,2.0,2.0,3.0,2.0,3.0,,2.0,3.0,3.0,2.0,3.0,3.0,3.0,2.0,3.0,3.0,3.0,3.0,3.0,3.0,3.0,3.0,4.0,2.0,4.0,2.0,3.0,3.0,3.0,2.0,2.0,3.0,3.0,2.0,1.0,3.0,2.0,3.0,3.25,2.142857142857143,2.6666666666666665,3.125,2.8333333333333335,2.25
R332,Yes,Yes,Male,55 or above,Other,Microfinance bank,Customer Experience/Service,2-5,Yes,1,No,Yes,3.0,3.0,3.0,3.0,4.0,2.0,3.0,3.0,4.0,3.0,3.0,2.0,3.0,2.0,3.0,2.0,3.0,2.0,2.0,2.0,2.0,3.0,3.0,2.0,3.0,3.0,4.0,3.0,3.0,4.0,4.0,3.0,4.0,3.0,2.0,3.0,3.0,2.0,2.0,2.0,2.0,3.0,1.0,3.0,4.0,3.0,2.0,3.0,1.0,3.0,2.0,,2.0,2.0,1.0,1.0,1.0,3.1,2.5,2.5,3.3333333333333335,2.25,2.6666666666666665,1.7142857142857142
R333,Yes,Yes,Female,25-34,Bachelor/HND,Microfinance bank,IT/Technology,2-5,Yes,1,Yes,Yes,2.0,3.0,3.0,2.0,2.0,3.0,3.0,1.0,4.0,3.0,2.0,2.0,2.0,2.0,2.0,2.0,3.0,2.0,3.0,3.0,4.0,3.0,4.0,5.0,3.0,3.0,3.0,4.0,3.0,3.0,4.0,3.0,4.0,3.0,3.0,5.0,4.0,3.0,3.0,3.0,3.0,4.0,4.0,3.0,2.0,2.0,3.0,2.0,2.0,3.0,2.0,3.0,3.0,3.0,2.0,2.0,2.0,2.6,2.125,3.5,3.3333333333333335,3.625,2.3333333333333335,2.5
R334,Yes,Yes,Male,18-24,Bachelor/HND,Fintech/payment provider,IT/Technology,2-5,Yes,4,Yes,Yes,4.0,3.0,4.0,4.0,4.0,4.0,4.0,4.0,5.0,3.0,4.0,5.0,5.0,4.0,5.0,4.0,5.0,4.0,3.0,3.0,3.0,4.0,3.0,4.0,3.0,4.0,4.0,3.0,4.0,3.0,3.0,4.0,2.0,4.0,3.0,4.0,3.0,4.0,2.0,3.0,4.0,3.0,2.0,4.0,4.0,4.0,4.0,4.0,4.0,2.0,2.0,3.0,1.0,3.0,3.0,3.0,3.0,3.9,4.5,3.375,3.3333333333333335,3.125,4.0,2.5
R335,Yes,Yes,Male,45-54,Diploma/OND/NCE,Microfinance bank,Management/Strategy,11-15,Yes,2,Do not know,Yes,3.0,4.0,3.0,3.0,3.0,4.0,2.0,3.0,4.0,3.0,3.0,3.0,4.0,3.0,2.0,3.0,4.0,3.0,4.0,4.0,4.0,3.0,3.0,4.0,3.0,4.0,2.0,4.0,2.0,4.0,3.0,4.0,2.0,3.0,3.0,,3.0,4.0,3.0,4.0,4.0,5.0,3.0,4.0,4.0,,4.0,3.0,4.0,3.0,3.0,3.0,3.0,3.0,4.0,4.0,2.0,3.2,3.125,3.625,3.0,3.7142857142857144,3.8,3.125
R336,Yes,Yes,Male,18-24,Other,Commercial bank,Relationship/Marketing,Less than 2,Yes,3,No,Yes,3.0,2.0,3.0,2.0,3.0,3.0,1.0,3.0,3.0,2.0,4.0,4.0,5.0,3.0,3.0,5.0,4.0,4.0,4.0,3.0,3.0,4.0,4.0,4.0,5.0,4.0,4.0,3.0,4.0,3.0,3.0,3.0,2.0,3.0,3.0,4.0,4.0,3.0,3.0,4.0,3.0,4.0,3.0,2.0,3.0,2.0,3.0,4.0,2.0,4.0,3.0,4.0,3.0,4.0,2.0,4.0,3.0,2.5,4.0,3.875,3.111111111111111,3.5,2.6666666666666665,3.375
R337,Yes,Yes,Male,25-34,Diploma/OND/NCE,Microfinance bank,Risk/Compliance,16 or more,Yes,3,Yes,Yes,3.0,3.0,4.0,3.0,2.0,4.0,2.0,2.0,3.0,3.0,4.0,3.0,4.0,3.0,3.0,3.0,3.0,3.0,3.0,4.0,3.0,5.0,4.0,4.0,3.0,4.0,3.0,2.0,1.0,2.0,3.0,3.0,1.0,2.0,1.0,3.0,3.0,3.0,2.0,2.0,3.0,3.0,3.0,3.0,3.0,3.0,4.0,4.0,3.0,4.0,4.0,4.0,4.0,,5.0,5.0,4.0,2.9,3.25,3.75,2.0,2.75,3.3333333333333335,4.285714285714286
R338,Yes,Yes,Male,25-34,Bachelor/HND,Commercial bank,IT/Technology,6-10,Yes,1,Yes,Yes,3.0,2.0,3.0,2.0,3.0,3.0,3.0,3.0,4.0,3.0,3.0,4.0,3.0,3.0,3.0,4.0,4.0,4.0,2.0,2.0,2.0,3.0,3.0,2.0,3.0,1.0,4.0,3.0,3.0,4.0,5.0,3.0,5.0,3.0,4.0,2.0,3.0,3.0,3.0,3.0,4.0,4.0,2.0,2.0,4.0,4.0,4.0,3.0,3.0,2.0,4.0,4.0,3.0,2.0,3.0,2.0,3.0,2.9,3.5,2.25,3.7777777777777777,3.0,3.3333333333333335,2.875
R339,Yes,Yes,Male,45-54,Diploma/OND/NCE,Fintech/payment provider,Data/Analytics/AI,11-15,Yes,1,No,Yes,3.0,2.0,3.0,2.0,4.0,1.0,3.0,3.0,2.0,3.0,3.0,1.0,2.0,2.0,2.0,2.0,2.0,3.0,2.0,4.0,3.0,3.0,2.0,3.0,2.0,3.0,4.0,2.0,3.0,3.0,2.0,3.0,3.0,3.0,3.0,2.0,2.0,3.0,1.0,3.0,3.0,3.0,2.0,2.0,4.0,2.0,4.0,2.0,2.0,4.0,2.0,3.0,3.0,2.0,3.0,3.0,3.0,2.6,2.125,2.75,2.888888888888889,2.375,2.6666666666666665,2.875
R340,Yes,Yes,Male,35-44,Diploma/OND/NCE,Commercial bank,Digital Banking/Product,2-5,Yes,2,Yes,Yes,4.0,4.0,4.0,3.0,4.0,3.0,2.0,4.0,3.0,2.0,3.0,3.0,3.0,2.0,3.0,3.0,4.0,3.0,4.0,,5.0,5.0,4.0,5.0,5.0,4.0,3.0,2.0,3.0,1.0,3.0,2.0,3.0,1.0,2.0,5.0,5.0,4.0,5.0,5.0,5.0,5.0,4.0,3.0,4.0,2.0,3.0,2.0,3.0,4.0,2.0,3.0,3.0,3.0,3.0,3.0,3.0,3.3,3.0,4.571428571428571,2.2222222222222223,4.75,2.8333333333333335,3.0
R341,Yes,Yes,Female,25-34,Diploma/OND/NCE,Microfinance bank,Customer Experience/Service,2-5,Yes,4,Yes,Yes,3.0,3.0,2.0,3.0,3.0,3.0,2.0,4.0,4.0,2.0,2.0,2.0,3.0,4.0,3.0,5.0,4.0,4.0,2.0,3.0,2.0,3.0,3.0,3.0,3.0,3.0,3.0,3.0,3.0,2.0,4.0,4.0,2.0,2.0,3.0,4.0,3.0,3.0,2.0,3.0,2.0,3.0,3.0,3.0,3.0,3.0,4.0,3.0,3.0,4.0,4.0,4.0,4.0,4.0,5.0,4.0,3.0,2.9,3.375,2.75,2.888888888888889,2.875,3.1666666666666665,4.0
R342,Yes,Yes,Male,25-34,Postgraduate Diploma,Digital bank/neobank,Customer Experience/Service,Less than 2,Yes,0,No,Yes,3.0,2.0,3.0,2.0,3.0,2.0,2.0,3.0,2.0,1.0,3.0,1.0,1.0,1.0,2.0,1.0,2.0,1.0,2.0,3.0,2.0,3.0,3.0,3.0,3.0,,4.0,3.0,4.0,3.0,5.0,3.0,,3.0,3.0,3.0,2.0,,2.0,3.0,3.0,2.0,2.0,2.0,2.0,4.0,4.0,3.0,2.0,4.0,4.0,4.0,5.0,5.0,5.0,5.0,4.0,2.3,1.5,2.7142857142857144,3.5,2.4285714285714284,2.8333333333333335,4.5
R343,Yes,Yes,Female,35-44,Bachelor/HND,Microfinance bank,IT/Technology,16 or more,Yes,4,No,Yes,3.0,3.0,4.0,2.0,2.0,3.0,3.0,3.0,4.0,3.0,4.0,3.0,3.0,,4.0,4.0,4.0,3.0,3.0,4.0,4.0,4.0,4.0,2.0,3.0,2.0,3.0,3.0,4.0,3.0,4.0,3.0,2.0,3.0,2.0,3.0,3.0,3.0,4.0,5.0,4.0,4.0,3.0,3.0,4.0,3.0,5.0,4.0,2.0,5.0,4.0,3.0,3.0,4.0,4.0,4.0,3.0,3.0,3.5714285714285716,3.25,3.0,3.625,3.5,3.75
R344,Yes,Yes,Female,55 or above,Diploma/OND/NCE,Commercial bank,Data/Analytics/AI,11-15,Yes,1,No,Yes,2.0,2.0,3.0,2.0,2.0,3.0,2.0,2.0,2.0,2.0,3.0,1.0,1.0,2.0,2.0,1.0,2.0,2.0,2.0,2.0,1.0,2.0,2.0,2.0,3.0,2.0,3.0,3.0,4.0,3.0,3.0,4.0,4.0,3.0,3.0,3.0,3.0,1.0,1.0,3.0,2.0,2.0,3.0,3.0,2.0,3.0,3.0,3.0,3.0,4.0,5.0,4.0,4.0,3.0,4.0,4.0,3.0,2.2,1.75,2.0,3.3333333333333335,2.25,2.8333333333333335,3.875
R345,Yes,Yes,Male,35-44,Bachelor/HND,Commercial bank,Other,Less than 2,Yes,3,No,Yes,4.0,3.0,4.0,3.0,2.0,3.0,3.0,3.0,,2.0,3.0,2.0,3.0,2.0,3.0,3.0,4.0,3.0,2.0,,,3.0,3.0,3.0,3.0,2.0,2.0,4.0,3.0,3.0,5.0,3.0,4.0,4.0,5.0,2.0,3.0,3.0,3.0,3.0,3.0,2.0,2.0,2.0,3.0,2.0,2.0,2.0,3.0,4.0,3.0,3.0,3.0,4.0,3.0,3.0,3.0,3.0,2.875,,3.6666666666666665,2.625,2.3333333333333335,3.25
R346,Yes,Yes,Female,25-34,Bachelor/HND,Commercial bank,Data/Analytics/AI,16 or more,Yes,2,Yes,Yes,3.0,2.0,4.0,3.0,3.0,2.0,3.0,4.0,4.0,2.0,3.0,3.0,3.0,2.0,2.0,3.0,2.0,1.0,3.0,4.0,4.0,4.0,4.0,3.0,5.0,3.0,2.0,2.0,1.0,2.0,3.0,2.0,2.0,2.0,2.0,4.0,3.0,2.0,2.0,2.0,2.0,2.0,2.0,4.0,3.0,3.0,5.0,4.0,4.0,4.0,2.0,4.0,3.0,3.0,3.0,4.0,2.0,3.0,2.375,3.75,2.0,2.375,3.8333333333333335,3.125
R347,Yes,Yes,Female,25-34,Bachelor/HND,Microfinance bank,Customer Experience/Service,Less than 2,Yes,0,Yes,Yes,3.0,3.0,3.0,2.0,4.0,3.0,2.0,3.0,4.0,3.0,2.0,3.0,3.0,2.0,3.0,3.0,4.0,3.0,3.0,5.0,3.0,3.0,4.0,3.0,3.0,4.0,3.0,4.0,3.0,1.0,2.0,2.0,3.0,1.0,3.0,2.0,1.0,2.0,2.0,1.0,3.0,2.0,2.0,2.0,3.0,2.0,3.0,3.0,3.0,4.0,2.0,3.0,2.0,4.0,4.0,3.0,3.0,3.0,2.875,3.5,2.4444444444444446,1.875,2.6666666666666665,3.125
R348,Yes,Yes,Male,25-34,Bachelor/HND,Commercial bank,Other,Less than 2,Yes,2,Yes,Yes,3.0,3.0,2.0,3.0,2.0,2.0,2.0,3.0,3.0,2.0,3.0,3.0,3.0,2.0,2.0,2.0,2.0,3.0,2.0,4.0,3.0,3.0,3.0,4.0,2.0,4.0,3.0,2.0,3.0,2.0,,2.0,2.0,1.0,1.0,3.0,3.0,3.0,3.0,4.0,4.0,3.0,3.0,3.0,4.0,2.0,4.0,4.0,3.0,4.0,4.0,4.0,3.0,3.0,3.0,5.0,3.0,2.5,2.5,3.125,2.0,3.25,3.3333333333333335,3.625
R349,Yes,Yes,Female,35-44,Master's,Commercial bank,Customer Experience/Service,11-15,Yes,2,Yes,Yes,5.0,3.0,5.0,4.0,4.0,5.0,4.0,3.0,3.0,4.0,3.0,3.0,4.0,2.0,3.0,4.0,5.0,3.0,2.0,3.0,2.0,3.0,2.0,3.0,2.0,2.0,4.0,2.0,2.0,2.0,2.0,3.0,3.0,3.0,2.0,3.0,3.0,3.0,2.0,3.0,3.0,3.0,3.0,3.0,4.0,2.0,3.0,3.0,3.0,3.0,3.0,,4.0,4.0,4.0,5.0,3.0,4.0,3.375,2.375,2.5555555555555554,2.875,3.0,3.7142857142857144
R350,Yes,Yes,Male,45-54,Master's,Digital bank/neobank,Risk/Compliance,Less than 2,Yes,1,No,Yes,4.0,5.0,4.0,2.0,3.0,4.0,3.0,4.0,4.0,3.0,3.0,3.0,3.0,3.0,2.0,4.0,3.0,2.0,1.0,2.0,2.0,2.0,3.0,3.0,2.0,3.0,4.0,5.0,4.0,3.0,3.0,4.0,,4.0,4.0,4.0,3.0,4.0,3.0,3.0,3.0,4.0,2.0,3.0,2.0,1.0,2.0,3.0,,4.0,3.0,3.0,5.0,4.0,3.0,4.0,3.0,3.6,2.875,2.25,3.875,3.25,2.2,3.625
R351,Yes,Yes,Male,25-34,Doctorate,Insurance/investment/other licensed financial institution,Digital Banking/Product,6-10,Yes,2,No,Yes,2.0,3.0,2.0,2.0,2.0,4.0,2.0,2.0,3.0,2.0,2.0,1.0,4.0,2.0,3.0,4.0,3.0,3.0,3.0,2.0,3.0,3.0,3.0,4.0,1.0,2.0,4.0,2.0,3.0,,3.0,2.0,1.0,3.0,3.0,3.0,3.0,3.0,3.0,3.0,2.0,4.0,2.0,3.0,3.0,3.0,2.0,3.0,2.0,4.0,1.0,3.0,3.0,3.0,3.0,2.0,2.0,2.4,2.75,2.625,2.625,2.875,2.6666666666666665,2.625
R352,Yes,Yes,Female,45-54,Master's,Microfinance bank,IT/Technology,11-15,Yes,1,Yes,Yes,3.0,4.0,3.0,3.0,3.0,3.0,3.0,4.0,5.0,2.0,3.0,1.0,2.0,1.0,2.0,1.0,2.0,1.0,1.0,2.0,1.0,2.0,3.0,1.0,2.0,1.0,3.0,1.0,2.0,2.0,3.0,1.0,2.0,2.0,2.0,3.0,2.0,3.0,2.0,3.0,2.0,4.0,2.0,3.0,2.0,2.0,3.0,2.0,4.0,4.0,3.0,5.0,4.0,3.0,2.0,3.0,4.0,3.3,1.625,1.625,2.0,2.625,2.6666666666666665,3.5
R353,Yes,Yes,Female,55 or above,Bachelor/HND,Commercial bank,Data/Analytics/AI,16 or more,Yes,0,No,Yes,2.0,1.0,3.0,2.0,3.0,3.0,1.0,2.0,3.0,2.0,2.0,4.0,2.0,2.0,2.0,1.0,2.0,2.0,3.0,4.0,2.0,4.0,3.0,4.0,3.0,3.0,3.0,2.0,2.0,2.0,4.0,2.0,2.0,1.0,3.0,4.0,2.0,3.0,3.0,,2.0,4.0,3.0,3.0,3.0,2.0,,3.0,2.0,5.0,4.0,4.0,4.0,3.0,4.0,5.0,5.0,2.2,2.125,3.25,2.3333333333333335,3.0,2.6,4.25
R354,Yes,Yes,Female,45-54,Bachelor/HND,Merchant bank,Digital Banking/Product,Less than 2,Yes,2,Yes,Yes,2.0,1.0,3.0,1.0,2.0,2.0,2.0,1.0,1.0,2.0,3.0,1.0,1.0,2.0,1.0,3.0,2.0,1.0,2.0,2.0,2.0,3.0,3.0,2.0,3.0,2.0,1.0,3.0,2.0,1.0,2.0,1.0,3.0,2.0,2.0,3.0,3.0,1.0,2.0,3.0,2.0,2.0,2.0,,4.0,3.0,4.0,3.0,4.0,2.0,2.0,4.0,3.0,4.0,2.0,3.0,2.0,1.7,1.75,2.375,1.8888888888888888,2.25,3.6,2.75
R355,Yes,Yes,Female,18-24,Doctorate,Fintech/payment provider,IT/Technology,2-5,Yes,2,Yes,Yes,3.0,3.0,4.0,3.0,2.0,4.0,3.0,2.0,4.0,3.0,4.0,3.0,4.0,3.0,3.0,3.0,4.0,3.0,2.0,3.0,2.0,3.0,4.0,3.0,3.0,3.0,2.0,3.0,2.0,1.0,3.0,1.0,2.0,2.0,2.0,3.0,2.0,2.0,1.0,,2.0,1.0,1.0,2.0,3.0,2.0,3.0,3.0,2.0,3.0,3.0,3.0,3.0,4.0,4.0,4.0,3.0,3.1,3.375,2.875,2.0,1.7142857142857142,2.5,3.375
R356,Yes,Yes,Female,45-54,Other,Digital bank/neobank,Digital Banking/Product,11-15,Yes,4,No,Yes,4.0,3.0,3.0,3.0,,2.0,2.0,3.0,3.0,2.0,4.0,3.0,4.0,3.0,4.0,3.0,4.0,4.0,2.0,4.0,3.0,3.0,3.0,3.0,3.0,3.0,4.0,2.0,3.0,3.0,4.0,3.0,3.0,3.0,4.0,4.0,3.0,3.0,3.0,3.0,4.0,4.0,3.0,5.0,,4.0,5.0,5.0,3.0,3.0,4.0,,3.0,4.0,4.0,4.0,4.0,2.7777777777777777,3.625,3.0,3.2222222222222223,3.375,4.4,3.7142857142857144
R357,Yes,Yes,Female,35-44,Bachelor/HND,Microfinance bank,Risk/Compliance,6-10,Yes,1,Yes,Yes,2.0,3.0,3.0,2.0,3.0,4.0,4.0,4.0,4.0,4.0,3.0,2.0,4.0,3.0,2.0,3.0,3.0,2.0,3.0,3.0,2.0,4.0,2.0,2.0,3.0,3.0,4.0,3.0,4.0,3.0,3.0,2.0,4.0,4.0,4.0,4.0,4.0,4.0,4.0,5.0,4.0,5.0,3.0,2.0,4.0,3.0,4.0,3.0,3.0,4.0,3.0,4.0,3.0,4.0,3.0,5.0,3.0,3.3,2.75,2.75,3.4444444444444446,4.125,3.1666666666666665,3.625
R358,Yes,Yes,Female,35-44,Bachelor/HND,Commercial bank,Risk/Compliance,2-5,Yes,3,No,Yes,3.0,2.0,3.0,3.0,2.0,2.0,2.0,2.0,,3.0,4.0,3.0,5.0,5.0,4.0,3.0,4.0,4.0,3.0,4.0,2.0,4.0,3.0,4.0,4.0,3.0,3.0,4.0,4.0,3.0,5.0,3.0,4.0,4.0,3.0,3.0,4.0,3.0,3.0,5.0,3.0,4.0,3.0,3.0,5.0,3.0,4.0,3.0,3.0,4.0,2.0,3.0,4.0,3.0,3.0,3.0,2.0,2.4444444444444446,4.0,3.375,3.6666666666666665,3.5,3.5,3.0
R359,Yes,Yes,Male,25-34,Postgraduate Diploma,Fintech/payment provider,IT/Technology,6-10,Yes,4,Yes,Yes,,4.0,4.0,4.0,3.0,4.0,3.0,3.0,4.0,3.0,,5.0,,4.0,4.0,3.0,4.0,,3.0,3.0,4.0,4.0,4.0,3.0,,3.0,3.0,4.0,4.0,4.0,4.0,3.0,3.0,3.0,4.0,4.0,3.0,3.0,,4.0,3.0,3.0,2.0,3.0,2.0,2.0,2.0,,3.0,3.0,1.0,3.0,3.0,2.0,2.0,1.0,,3.5555555555555554,,3.4285714285714284,3.5555555555555554,3.142857142857143,2.4,2.142857142857143
R360,Yes,Yes,Female,35-44,Master's,Insurance/investment/other licensed financial institution,IT/Technology,6-10,Yes,4,Yes,Yes,3.0,3.0,3.0,2.0,1.0,2.0,3.0,2.0,3.0,1.0,3.0,3.0,4.0,3.0,2.0,3.0,3.0,3.0,3.0,3.0,3.0,3.0,3.0,2.0,3.0,2.0,4.0,4.0,4.0,4.0,4.0,4.0,4.0,3.0,5.0,3.0,4.0,3.0,2.0,4.0,4.0,3.0,3.0,4.0,3.0,3.0,4.0,4.0,3.0,5.0,3.0,4.0,5.0,4.0,4.0,5.0,5.0,2.3,3.0,2.75,4.0,3.25,3.5,4.375
R361,Yes,Yes,Female,35-44,Bachelor/HND,Microfinance bank,Data/Analytics/AI,2-5,Yes,3,Yes,Yes,3.0,3.0,2.0,2.0,2.0,3.0,1.0,2.0,2.0,2.0,3.0,3.0,3.0,2.0,3.0,3.0,3.0,3.0,1.0,3.0,2.0,2.0,3.0,2.0,2.0,2.0,5.0,4.0,3.0,4.0,4.0,3.0,4.0,4.0,3.0,3.0,3.0,2.0,3.0,4.0,2.0,2.0,2.0,2.0,2.0,2.0,3.0,2.0,2.0,3.0,3.0,4.0,2.0,4.0,4.0,4.0,3.0,2.2,2.875,2.125,3.7777777777777777,2.625,2.1666666666666665,3.375
R362,Yes,Yes,Male,35-44,Bachelor/HND,Commercial bank,Relationship/Marketing,16 or more,Yes,0,No,Yes,3.0,3.0,4.0,3.0,3.0,4.0,2.0,4.0,4.0,2.0,2.0,1.0,4.0,1.0,3.0,2.0,,2.0,3.0,3.0,2.0,4.0,4.0,4.0,3.0,2.0,4.0,3.0,3.0,3.0,3.0,4.0,3.0,4.0,3.0,2.0,3.0,3.0,3.0,2.0,2.0,3.0,3.0,2.0,3.0,3.0,3.0,3.0,3.0,3.0,3.0,5.0,3.0,4.0,2.0,3.0,2.0,3.2,2.142857142857143,3.125,3.3333333333333335,2.625,2.8333333333333335,3.125
R363,Yes,Yes,Female,35-44,Bachelor/HND,Commercial bank,Risk/Compliance,16 or more,Yes,4,Yes,Yes,3.0,3.0,2.0,2.0,2.0,3.0,,2.0,3.0,3.0,,4.0,4.0,5.0,4.0,5.0,5.0,4.0,3.0,4.0,5.0,,4.0,4.0,3.0,3.0,4.0,3.0,4.0,4.0,4.0,4.0,3.0,3.0,3.0,3.0,2.0,2.0,3.0,3.0,2.0,4.0,3.0,3.0,3.0,2.0,3.0,3.0,4.0,2.0,1.0,3.0,2.0,3.0,2.0,3.0,2.0,2.5555555555555554,4.428571428571429,3.7142857142857144,3.5555555555555554,2.75,3.0,2.25
R364,Yes,Yes,Female,35-44,Master's,Commercial bank,Digital Banking/Product,2-5,Yes,4,No,Yes,3.0,2.0,2.0,1.0,2.0,3.0,2.0,2.0,3.0,2.0,3.0,3.0,3.0,2.0,4.0,4.0,3.0,3.0,3.0,3.0,4.0,3.0,4.0,4.0,4.0,5.0,4.0,3.0,2.0,3.0,4.0,3.0,4.0,3.0,3.0,4.0,4.0,4.0,2.0,3.0,3.0,4.0,3.0,4.0,4.0,3.0,5.0,5.0,3.0,1.0,3.0,3.0,2.0,2.0,3.0,3.0,1.0,2.2,3.125,3.75,3.2222222222222223,3.375,4.0,2.25
R365,Yes,Yes,Male,45-54,Bachelor/HND,Fintech/payment provider,IT/Technology,2-5,Yes,1,Do not know,Yes,5.0,3.0,4.0,4.0,4.0,4.0,5.0,4.0,4.0,3.0,3.0,2.0,3.0,2.0,3.0,4.0,3.0,2.0,2.0,3.0,2.0,3.0,2.0,4.0,3.0,3.0,3.0,3.0,4.0,3.0,3.0,4.0,3.0,3.0,3.0,3.0,3.0,,3.0,3.0,3.0,4.0,3.0,4.0,2.0,2.0,4.0,2.0,3.0,2.0,2.0,3.0,3.0,4.0,2.0,2.0,3.0,4.0,2.75,2.75,3.2222222222222223,3.142857142857143,2.8333333333333335,2.625
R366,Yes,Yes,Male,35-44,Master's,Commercial bank,Digital Banking/Product,6-10,Yes,3,Yes,Yes,3.0,3.0,3.0,2.0,4.0,2.0,4.0,2.0,4.0,3.0,4.0,3.0,4.0,3.0,4.0,4.0,4.0,3.0,4.0,3.0,2.0,4.0,2.0,3.0,3.0,4.0,2.0,3.0,2.0,2.0,1.0,2.0,2.0,3.0,3.0,3.0,2.0,2.0,2.0,4.0,3.0,4.0,2.0,3.0,3.0,3.0,3.0,,3.0,3.0,2.0,3.0,3.0,2.0,3.0,3.0,3.0,3.0,3.625,3.125,2.2222222222222223,2.75,3.0,2.75
R367,Yes,Yes,Female,25-34,Bachelor/HND,Commercial bank,IT/Technology,2-5,Yes,0,No,Yes,4.0,2.0,3.0,3.0,5.0,3.0,3.0,3.0,4.0,3.0,2.0,2.0,3.0,3.0,3.0,4.0,,4.0,2.0,4.0,3.0,4.0,4.0,,4.0,4.0,3.0,1.0,1.0,3.0,2.0,3.0,3.0,2.0,3.0,5.0,3.0,3.0,3.0,3.0,4.0,,4.0,3.0,3.0,3.0,2.0,4.0,3.0,1.0,3.0,3.0,1.0,2.0,2.0,2.0,1.0,3.3,3.0,3.5714285714285716,2.3333333333333335,3.5714285714285716,3.0,1.875
R368,Yes,Yes,Male,45-54,Bachelor/HND,Commercial bank,IT/Technology,2-5,Yes,3,Yes,Yes,1.0,3.0,3.0,2.0,3.0,2.0,2.0,3.0,2.0,2.0,4.0,3.0,4.0,3.0,4.0,3.0,3.0,3.0,4.0,3.0,5.0,5.0,4.0,5.0,5.0,4.0,2.0,2.0,2.0,2.0,2.0,2.0,2.0,1.0,2.0,5.0,4.0,4.0,4.0,4.0,4.0,4.0,4.0,3.0,4.0,3.0,4.0,4.0,4.0,3.0,2.0,3.0,3.0,4.0,4.0,4.0,3.0,2.3,3.375,4.375,1.8888888888888888,4.125,3.6666666666666665,3.25
R369,Yes,Yes,Female,18-24,Diploma/OND/NCE,Microfinance bank,Digital Banking/Product,Less than 2,Yes,2,Yes,Yes,2.0,1.0,3.0,1.0,2.0,2.0,2.0,1.0,2.0,1.0,2.0,1.0,2.0,2.0,4.0,2.0,1.0,2.0,4.0,4.0,3.0,4.0,3.0,3.0,3.0,3.0,2.0,2.0,,1.0,3.0,1.0,1.0,1.0,2.0,4.0,2.0,4.0,3.0,5.0,4.0,3.0,3.0,2.0,3.0,2.0,3.0,4.0,1.0,4.0,3.0,3.0,2.0,4.0,2.0,3.0,2.0,1.7,2.0,3.375,1.625,3.5,2.5,2.875
R370,Yes,Yes,Female,35-44,Master's,Merchant bank,Customer Experience/Service,2-5,Yes,2,Yes,Yes,3.0,,3.0,3.0,3.0,3.0,1.0,2.0,4.0,3.0,3.0,2.0,4.0,3.0,3.0,3.0,3.0,3.0,2.0,4.0,1.0,3.0,4.0,2.0,2.0,3.0,5.0,3.0,3.0,2.0,3.0,4.0,4.0,2.0,3.0,3.0,3.0,4.0,3.0,4.0,3.0,3.0,3.0,2.0,2.0,2.0,2.0,3.0,3.0,4.0,4.0,5.0,3.0,4.0,4.0,5.0,3.0,2.7777777777777777,3.0,2.625,3.2222222222222223,3.25,2.3333333333333335,4.0
R371,Yes,Yes,Female,35-44,Master's,Fintech/payment provider,Customer Experience/Service,Less than 2,Yes,2,Do not know,Yes,2.0,2.0,3.0,3.0,3.0,3.0,2.0,3.0,,2.0,3.0,3.0,3.0,3.0,4.0,4.0,3.0,3.0,3.0,4.0,3.0,3.0,3.0,2.0,4.0,2.0,3.0,2.0,3.0,1.0,2.0,2.0,2.0,2.0,2.0,2.0,1.0,2.0,2.0,2.0,2.0,2.0,2.0,3.0,3.0,3.0,4.0,3.0,2.0,4.0,4.0,3.0,4.0,4.0,4.0,5.0,5.0,2.5555555555555554,3.25,3.0,2.111111111111111,1.875,3.0,4.125
R372,Yes,Yes,Male,25-34,Bachelor/HND,Fintech/payment provider,Data/Analytics/AI,2-5,Yes,4,Yes,Yes,2.0,2.0,4.0,2.0,3.0,3.0,2.0,4.0,4.0,3.0,4.0,4.0,4.0,4.0,4.0,5.0,4.0,,3.0,4.0,3.0,4.0,3.0,2.0,3.0,3.0,2.0,2.0,3.0,2.0,,2.0,3.0,2.0,2.0,2.0,2.0,3.0,2.0,3.0,3.0,4.0,3.0,5.0,4.0,3.0,4.0,5.0,3.0,4.0,4.0,5.0,4.0,4.0,3.0,4.0,4.0,2.9,4.142857142857143,3.125,2.25,2.75,4.0,4.0
R373,Yes,Yes,Prefer not to say,18-24,Master's,Commercial bank,Management/Strategy,2-5,Yes,4,Yes,Yes,4.0,2.0,1.0,2.0,3.0,2.0,1.0,2.0,3.0,2.0,4.0,4.0,4.0,3.0,4.0,4.0,3.0,4.0,3.0,1.0,1.0,3.0,3.0,3.0,3.0,2.0,4.0,4.0,4.0,3.0,3.0,4.0,3.0,3.0,4.0,2.0,3.0,4.0,2.0,3.0,4.0,3.0,3.0,3.0,3.0,3.0,4.0,4.0,3.0,3.0,3.0,3.0,2.0,2.0,3.0,3.0,2.0,2.2,3.75,2.375,3.5555555555555554,3.0,3.3333333333333335,2.625
R374,Yes,Yes,Male,35-44,Other,Microfinance bank,Digital Banking/Product,16 or more,Yes,1,No,Yes,4.0,4.0,5.0,4.0,5.0,5.0,4.0,4.0,4.0,3.0,2.0,2.0,3.0,2.0,2.0,3.0,2.0,3.0,,3.0,3.0,3.0,3.0,3.0,3.0,3.0,2.0,3.0,3.0,2.0,3.0,3.0,2.0,3.0,2.0,3.0,2.0,4.0,4.0,3.0,2.0,2.0,2.0,4.0,2.0,2.0,3.0,3.0,3.0,3.0,3.0,4.0,4.0,2.0,2.0,4.0,2.0,4.2,2.375,3.0,2.5555555555555554,2.75,2.8333333333333335,3.0
R375,Yes,Yes,Female,35-44,Bachelor/HND,Commercial bank,Customer Experience/Service,2-5,Yes,1,Do not know,Yes,1.0,3.0,2.0,2.0,2.0,3.0,1.0,1.0,3.0,1.0,4.0,3.0,3.0,4.0,2.0,3.0,4.0,3.0,4.0,4.0,3.0,4.0,4.0,4.0,4.0,4.0,3.0,4.0,3.0,3.0,3.0,4.0,3.0,,4.0,4.0,3.0,4.0,4.0,4.0,4.0,4.0,5.0,2.0,3.0,2.0,3.0,2.0,2.0,4.0,3.0,4.0,4.0,5.0,3.0,4.0,4.0,1.9,3.25,3.875,3.375,4.0,2.3333333333333335,3.875
R376,Yes,Yes,Male,55 or above,Diploma/OND/NCE,Digital bank/neobank,Data/Analytics/AI,2-5,Yes,2,Yes,Yes,3.0,3.0,3.0,3.0,2.0,3.0,,2.0,4.0,3.0,4.0,2.0,3.0,1.0,2.0,3.0,3.0,2.0,4.0,4.0,2.0,5.0,3.0,3.0,3.0,3.0,4.0,4.0,5.0,3.0,5.0,4.0,3.0,4.0,4.0,3.0,4.0,3.0,3.0,3.0,3.0,4.0,2.0,4.0,3.0,2.0,2.0,3.0,4.0,3.0,4.0,3.0,3.0,,3.0,3.0,3.0,2.888888888888889,2.5,3.375,4.0,3.125,3.0,3.142857142857143
R377,Yes,Yes,Male,25-34,Bachelor/HND,Commercial bank,Customer Experience/Service,2-5,Yes,2,No,Yes,,4.0,4.0,3.0,3.0,3.0,2.0,4.0,3.0,3.0,3.0,1.0,2.0,2.0,2.0,2.0,2.0,2.0,2.0,2.0,2.0,3.0,2.0,3.0,3.0,2.0,3.0,2.0,3.0,3.0,3.0,2.0,3.0,2.0,3.0,2.0,2.0,2.0,1.0,3.0,1.0,1.0,1.0,,3.0,3.0,4.0,3.0,3.0,4.0,4.0,4.0,2.0,3.0,4.0,3.0,3.0,3.2222222222222223,2.0,2.375,2.6666666666666665,1.625,3.2,3.375
R378,Yes,Yes,Female,25-34,Bachelor/HND,Commercial bank,Digital Banking/Product,11-15,Yes,1,No,Yes,3.0,3.0,,3.0,3.0,3.0,2.0,3.0,3.0,2.0,3.0,3.0,3.0,4.0,2.0,4.0,4.0,3.0,1.0,2.0,2.0,3.0,2.0,3.0,1.0,2.0,5.0,5.0,4.0,4.0,5.0,5.0,4.0,5.0,5.0,2.0,3.0,2.0,2.0,3.0,2.0,3.0,2.0,2.0,1.0,1.0,2.0,1.0,2.0,2.0,3.0,4.0,2.0,3.0,2.0,3.0,3.0,2.7777777777777777,3.25,2.0,4.666666666666667,2.375,1.5,2.75
R379,Yes,Yes,Female,35-44,Master's,Commercial bank,Digital Banking/Product,2-5,Yes,3,Yes,Yes,3.0,2.0,3.0,2.0,3.0,3.0,2.0,3.0,3.0,2.0,3.0,3.0,4.0,3.0,4.0,2.0,3.0,3.0,3.0,3.0,2.0,4.0,4.0,3.0,3.0,3.0,3.0,2.0,1.0,2.0,2.0,2.0,3.0,3.0,2.0,3.0,2.0,2.0,2.0,3.0,2.0,2.0,3.0,3.0,4.0,2.0,2.0,1.0,2.0,4.0,2.0,3.0,2.0,2.0,3.0,3.0,4.0,2.6,3.125,3.125,2.2222222222222223,2.375,2.3333333333333335,2.875
R380,Yes,Yes,Female,45-54,Bachelor/HND,Commercial bank,Customer Experience/Service,6-10,Yes,2,Yes,Yes,2.0,3.0,2.0,2.0,2.0,2.0,2.0,3.0,3.0,3.0,1.0,2.0,3.0,1.0,2.0,2.0,3.0,2.0,3.0,5.0,3.0,4.0,3.0,4.0,4.0,3.0,3.0,3.0,3.0,3.0,3.0,3.0,3.0,3.0,4.0,2.0,2.0,2.0,2.0,3.0,1.0,2.0,1.0,2.0,3.0,2.0,4.0,3.0,4.0,1.0,1.0,1.0,1.0,1.0,1.0,2.0,1.0,2.4,2.0,3.625,3.111111111111111,1.875,3.0,1.125
R381,Yes,Yes,Male,18-24,Bachelor/HND,Microfinance bank,Digital Banking/Product,6-10,Yes,1,No,Yes,3.0,4.0,3.0,3.0,4.0,4.0,3.0,3.0,3.0,3.0,4.0,4.0,4.0,4.0,3.0,4.0,4.0,4.0,3.0,4.0,2.0,4.0,,5.0,3.0,4.0,3.0,1.0,2.0,2.0,3.0,2.0,2.0,3.0,3.0,4.0,3.0,4.0,3.0,3.0,4.0,4.0,4.0,2.0,3.0,3.0,5.0,3.0,2.0,1.0,2.0,2.0,2.0,2.0,2.0,2.0,1.0,3.3,3.875,3.5714285714285716,2.3333333333333335,3.625,3.0,1.75
R382,Yes,Yes,Female,35-44,Bachelor/HND,Digital bank/neobank,Data/Analytics/AI,6-10,Yes,2,Yes,Yes,3.0,1.0,3.0,2.0,2.0,3.0,2.0,3.0,3.0,2.0,2.0,1.0,2.0,1.0,2.0,,3.0,2.0,3.0,3.0,2.0,4.0,4.0,3.0,3.0,3.0,4.0,,4.0,3.0,3.0,3.0,3.0,2.0,2.0,2.0,2.0,3.0,1.0,2.0,3.0,2.0,3.0,2.0,3.0,2.0,3.0,3.0,3.0,3.0,3.0,3.0,3.0,2.0,3.0,3.0,4.0,2.4,1.8571428571428572,3.125,3.0,2.25,2.6666666666666665,3.0
R383,Yes,Yes,Male,35-44,Postgraduate Diploma,Digital bank/neobank,Data/Analytics/AI,16 or more,Yes,1,Do not know,Yes,4.0,3.0,3.0,3.0,3.0,3.0,2.0,2.0,3.0,3.0,3.0,3.0,4.0,3.0,3.0,3.0,3.0,3.0,4.0,4.0,4.0,3.0,4.0,3.0,4.0,2.0,3.0,4.0,3.0,4.0,4.0,3.0,3.0,3.0,4.0,,3.0,3.0,2.0,4.0,3.0,3.0,4.0,3.0,3.0,2.0,4.0,,3.0,1.0,3.0,3.0,3.0,2.0,2.0,3.0,2.0,2.9,3.125,3.5,3.4444444444444446,3.142857142857143,3.0,2.375
R384,Yes,Yes,Female,25-34,Bachelor/HND,Fintech/payment provider,Digital Banking/Product,6-10,Yes,1,No,Yes,3.0,2.0,3.0,3.0,2.0,2.0,3.0,3.0,3.0,2.0,4.0,3.0,3.0,3.0,3.0,3.0,4.0,4.0,4.0,4.0,3.0,4.0,4.0,4.0,3.0,5.0,1.0,1.0,2.0,2.0,3.0,2.0,2.0,2.0,3.0,3.0,3.0,4.0,3.0,3.0,3.0,3.0,3.0,3.0,4.0,3.0,3.0,3.0,3.0,4.0,4.0,4.0,3.0,4.0,4.0,4.0,5.0,2.6,3.375,3.875,2.0,3.125,3.1666666666666665,4.0
R385,Yes,Yes,Female,45-54,Bachelor/HND,Fintech/payment provider,Relationship/Marketing,6-10,Yes,2,Yes,Yes,3.0,2.0,2.0,2.0,4.0,3.0,1.0,2.0,,,4.0,2.0,4.0,4.0,3.0,3.0,4.0,3.0,4.0,4.0,3.0,5.0,3.0,4.0,3.0,3.0,4.0,4.0,3.0,2.0,3.0,3.0,3.0,3.0,3.0,3.0,2.0,4.0,,2.0,3.0,3.0,3.0,2.0,3.0,2.0,2.0,3.0,,3.0,2.0,3.0,2.0,3.0,2.0,4.0,2.0,2.375,3.375,3.625,3.111111111111111,2.857142857142857,2.4,2.625
R386,Yes,Yes,Male,25-34,Master's,Fintech/payment provider,Data/Analytics/AI,2-5,Yes,1,No,Yes,4.0,3.0,4.0,3.0,,2.0,3.0,2.0,3.0,3.0,4.0,3.0,4.0,4.0,3.0,4.0,4.0,1.0,4.0,4.0,4.0,4.0,3.0,4.0,4.0,3.0,5.0,4.0,5.0,3.0,5.0,4.0,4.0,4.0,4.0,5.0,3.0,4.0,4.0,3.0,4.0,3.0,2.0,4.0,5.0,3.0,5.0,5.0,3.0,4.0,3.0,4.0,3.0,3.0,3.0,4.0,,3.0,3.375,3.75,4.222222222222222,3.5,4.166666666666667,3.4285714285714284
R387,Yes,Yes,Male,35-44,Diploma/OND/NCE,Commercial bank,Data/Analytics/AI,2-5,Yes,2,No,Yes,3.0,3.0,4.0,4.0,4.0,4.0,3.0,3.0,3.0,3.0,4.0,4.0,5.0,3.0,4.0,4.0,4.0,5.0,4.0,4.0,4.0,3.0,3.0,4.0,3.0,3.0,3.0,2.0,2.0,3.0,,3.0,3.0,2.0,2.0,3.0,3.0,4.0,3.0,3.0,2.0,2.0,2.0,4.0,3.0,2.0,4.0,3.0,3.0,4.0,1.0,4.0,4.0,2.0,3.0,3.0,3.0,3.4,4.125,3.5,2.5,2.75,3.1666666666666665,3.0
R388,Yes,Yes,Male,25-34,Doctorate,Commercial bank,Customer Experience/Service,Less than 2,Yes,2,Yes,Yes,2.0,3.0,2.0,4.0,3.0,3.0,3.0,2.0,3.0,4.0,3.0,2.0,4.0,1.0,2.0,2.0,4.0,2.0,3.0,4.0,3.0,3.0,3.0,2.0,4.0,4.0,4.0,3.0,4.0,2.0,4.0,3.0,3.0,2.0,3.0,3.0,2.0,3.0,3.0,3.0,3.0,2.0,2.0,2.0,3.0,2.0,3.0,2.0,2.0,4.0,2.0,4.0,3.0,4.0,4.0,4.0,2.0,2.9,2.5,3.25,3.111111111111111,2.625,2.3333333333333335,3.375
R389,Yes,Yes,Male,35-44,Postgraduate Diploma,Commercial bank,Data/Analytics/AI,2-5,Yes,3,Yes,Yes,2.0,,2.0,2.0,2.0,2.0,2.0,2.0,3.0,3.0,4.0,2.0,3.0,2.0,3.0,3.0,,4.0,2.0,2.0,3.0,3.0,3.0,3.0,3.0,4.0,4.0,4.0,3.0,3.0,4.0,3.0,3.0,3.0,4.0,4.0,2.0,3.0,2.0,3.0,4.0,3.0,2.0,3.0,3.0,2.0,3.0,3.0,,4.0,3.0,2.0,2.0,3.0,3.0,3.0,2.0,2.2222222222222223,3.0,2.875,3.4444444444444446,2.875,2.8,2.75
R390,Yes,Yes,Male,45-54,Master's,Microfinance bank,IT/Technology,2-5,Yes,4,Yes,Yes,3.0,3.0,4.0,3.0,3.0,5.0,3.0,3.0,3.0,2.0,5.0,5.0,5.0,4.0,5.0,5.0,4.0,5.0,3.0,4.0,3.0,4.0,3.0,5.0,3.0,3.0,4.0,3.0,3.0,2.0,4.0,2.0,4.0,3.0,3.0,5.0,4.0,5.0,4.0,5.0,5.0,5.0,5.0,4.0,4.0,4.0,4.0,5.0,4.0,1.0,2.0,3.0,3.0,4.0,3.0,3.0,2.0,3.2,4.75,3.5,3.111111111111111,4.75,4.166666666666667,2.625
R391,Yes,Yes,Female,25-34,Master's,Digital bank/neobank,Management/Strategy,6-10,Yes,1,No,Yes,4.0,5.0,4.0,4.0,4.0,4.0,3.0,5.0,4.0,3.0,2.0,2.0,3.0,1.0,3.0,1.0,3.0,3.0,3.0,3.0,3.0,4.0,5.0,,4.0,4.0,3.0,4.0,4.0,3.0,4.0,3.0,4.0,4.0,3.0,2.0,3.0,,3.0,3.0,3.0,4.0,3.0,2.0,2.0,2.0,3.0,4.0,2.0,3.0,3.0,3.0,2.0,2.0,3.0,4.0,3.0,4.0,2.25,3.7142857142857144,3.5555555555555554,3.0,2.5,2.875
R392,Yes,Yes,Female,45-54,Bachelor/HND,Insurance/investment/other licensed financial institution,Management/Strategy,6-10,Yes,0,No,Yes,3.0,2.0,2.0,2.0,2.0,4.0,3.0,3.0,4.0,2.0,3.0,2.0,3.0,2.0,2.0,3.0,3.0,2.0,3.0,3.0,3.0,3.0,2.0,4.0,3.0,3.0,3.0,3.0,4.0,1.0,4.0,3.0,3.0,3.0,3.0,3.0,2.0,2.0,2.0,2.0,2.0,2.0,2.0,2.0,2.0,1.0,3.0,3.0,1.0,3.0,2.0,3.0,3.0,4.0,3.0,2.0,3.0,2.7,2.5,3.0,3.0,2.125,2.0,2.875
R393,Yes,Yes,Female,45-54,Doctorate,Digital bank/neobank,IT/Technology,6-10,Yes,1,Do not know,Yes,3.0,3.0,3.0,2.0,2.0,3.0,4.0,3.0,5.0,3.0,2.0,1.0,2.0,1.0,2.0,2.0,2.0,1.0,2.0,3.0,2.0,3.0,,2.0,2.0,2.0,2.0,2.0,2.0,2.0,2.0,3.0,3.0,1.0,3.0,2.0,2.0,,,2.0,2.0,2.0,2.0,3.0,3.0,2.0,3.0,2.0,3.0,4.0,2.0,3.0,2.0,2.0,2.0,3.0,3.0,3.1,1.625,2.2857142857142856,2.2222222222222223,,2.6666666666666665,2.625
R394,Yes,Yes,Male,35-44,Master's,Commercial bank,Relationship/Marketing,Less than 2,Yes,3,Yes,Yes,3.0,3.0,3.0,1.0,3.0,2.0,1.0,2.0,1.0,1.0,4.0,4.0,5.0,2.0,3.0,3.0,4.0,4.0,2.0,3.0,4.0,2.0,2.0,3.0,3.0,3.0,4.0,3.0,4.0,3.0,4.0,3.0,3.0,3.0,5.0,4.0,4.0,4.0,3.0,4.0,4.0,4.0,4.0,2.0,2.0,2.0,3.0,3.0,3.0,4.0,,5.0,3.0,4.0,3.0,5.0,4.0,2.0,3.625,2.75,3.5555555555555554,3.875,2.5,4.0
R395,Yes,Yes,Female,25-34,Master's,Fintech/payment provider,Management/Strategy,Less than 2,Yes,2,Yes,Yes,4.0,3.0,3.0,2.0,,3.0,3.0,2.0,2.0,3.0,3.0,3.0,3.0,1.0,3.0,4.0,4.0,2.0,2.0,2.0,1.0,2.0,1.0,2.0,3.0,1.0,3.0,2.0,2.0,2.0,3.0,3.0,3.0,3.0,1.0,1.0,1.0,2.0,2.0,2.0,3.0,2.0,2.0,3.0,4.0,3.0,4.0,3.0,,3.0,3.0,4.0,2.0,3.0,3.0,3.0,3.0,2.7777777777777777,2.875,1.75,2.4444444444444446,1.875,3.4,3.0
R396,Yes,Yes,Female,35-44,Bachelor/HND,Commercial bank,Other,2-5,Yes,4,No,Yes,3.0,3.0,4.0,4.0,3.0,4.0,3.0,3.0,1.0,3.0,3.0,1.0,2.0,2.0,2.0,2.0,2.0,1.0,2.0,3.0,2.0,2.0,3.0,3.0,3.0,2.0,2.0,3.0,1.0,2.0,4.0,1.0,1.0,3.0,2.0,2.0,2.0,1.0,2.0,2.0,2.0,2.0,2.0,3.0,3.0,3.0,3.0,2.0,3.0,2.0,2.0,3.0,2.0,3.0,2.0,2.0,2.0,3.1,1.875,2.5,2.111111111111111,1.875,2.8333333333333335,2.25
R397,Yes,Yes,Female,35-44,Bachelor/HND,Commercial bank,IT/Technology,6-10,Yes,2,Yes,Yes,4.0,4.0,5.0,4.0,4.0,4.0,3.0,4.0,4.0,4.0,4.0,3.0,5.0,4.0,5.0,3.0,4.0,4.0,3.0,3.0,3.0,3.0,3.0,3.0,3.0,3.0,3.0,2.0,3.0,2.0,3.0,3.0,4.0,4.0,3.0,3.0,3.0,4.0,2.0,4.0,4.0,4.0,3.0,3.0,3.0,2.0,5.0,3.0,4.0,3.0,2.0,2.0,2.0,3.0,2.0,3.0,2.0,4.0,4.0,3.0,3.0,3.375,3.3333333333333335,2.375
R398,Yes,Yes,Female,25-34,Bachelor/HND,Commercial bank,IT/Technology,11-15,Yes,0,No,Yes,4.0,4.0,4.0,4.0,5.0,4.0,3.0,4.0,5.0,4.0,4.0,2.0,2.0,2.0,2.0,2.0,2.0,2.0,1.0,2.0,2.0,2.0,3.0,2.0,1.0,2.0,3.0,3.0,3.0,3.0,4.0,3.0,3.0,3.0,3.0,3.0,2.0,3.0,1.0,4.0,3.0,3.0,1.0,2.0,3.0,2.0,2.0,2.0,2.0,5.0,4.0,5.0,5.0,5.0,5.0,5.0,4.0,4.1,2.25,1.875,3.111111111111111,2.5,2.1666666666666665,4.75
R399,Yes,Yes,Male,35-44,Other,Commercial bank,IT/Technology,Less than 2,Yes,0,Do not know,Yes,4.0,4.0,5.0,4.0,3.0,5.0,3.0,3.0,4.0,3.0,2.0,2.0,2.0,2.0,1.0,2.0,3.0,3.0,3.0,4.0,2.0,4.0,3.0,4.0,4.0,4.0,3.0,2.0,2.0,3.0,4.0,3.0,4.0,3.0,,3.0,2.0,3.0,2.0,3.0,3.0,4.0,3.0,3.0,3.0,3.0,3.0,2.0,3.0,2.0,2.0,3.0,2.0,3.0,2.0,3.0,2.0,3.8,2.125,3.5,3.0,2.875,2.8333333333333335,2.375
R400,Yes,Yes,Male,25-34,Master's,Commercial bank,Digital Banking/Product,Less than 2,Yes,3,Yes,Yes,4.0,2.0,3.0,3.0,2.0,2.0,1.0,3.0,4.0,2.0,3.0,3.0,4.0,5.0,4.0,5.0,3.0,3.0,2.0,3.0,4.0,4.0,2.0,4.0,4.0,4.0,4.0,2.0,3.0,3.0,3.0,3.0,3.0,2.0,3.0,4.0,5.0,5.0,4.0,5.0,5.0,5.0,4.0,4.0,4.0,4.0,5.0,4.0,3.0,2.0,3.0,4.0,3.0,3.0,3.0,4.0,3.0,2.6,3.75,3.375,2.888888888888889,4.625,4.0,3.125
R401,Yes,Yes,Female,25-34,Bachelor/HND,Commercial bank,Management/Strategy,Less than 2,Yes,2,Do not know,Yes,4.0,4.0,4.0,3.0,4.0,4.0,2.0,4.0,4.0,3.0,3.0,3.0,4.0,3.0,4.0,4.0,4.0,4.0,3.0,3.0,3.0,3.0,3.0,4.0,3.0,4.0,2.0,2.0,3.0,1.0,2.0,2.0,2.0,3.0,2.0,2.0,3.0,3.0,2.0,3.0,2.0,3.0,2.0,3.0,3.0,3.0,3.0,3.0,3.0,2.0,3.0,4.0,3.0,3.0,,3.0,3.0,3.6,3.625,3.25,2.111111111111111,2.5,3.0,3.0
R402,Yes,Yes,Male,25-34,Master's,Commercial bank,Management/Strategy,11-15,Yes,1,Yes,Yes,2.0,3.0,3.0,2.0,2.0,4.0,2.0,2.0,4.0,3.0,2.0,2.0,3.0,2.0,2.0,1.0,1.0,2.0,3.0,2.0,,3.0,1.0,2.0,2.0,3.0,4.0,2.0,4.0,3.0,4.0,3.0,4.0,3.0,4.0,3.0,3.0,2.0,2.0,2.0,2.0,2.0,2.0,2.0,4.0,2.0,4.0,2.0,2.0,2.0,1.0,2.0,1.0,2.0,2.0,2.0,1.0,2.7,1.875,2.2857142857142856,3.4444444444444446,2.25,2.6666666666666665,1.625
R403,Yes,Yes,Female,35-44,Bachelor/HND,Commercial bank,Other,Less than 2,Yes,2,No,Yes,3.0,3.0,4.0,2.0,2.0,3.0,3.0,4.0,3.0,3.0,3.0,2.0,4.0,2.0,3.0,1.0,3.0,1.0,2.0,2.0,1.0,2.0,1.0,3.0,1.0,2.0,3.0,2.0,3.0,2.0,3.0,3.0,3.0,3.0,2.0,3.0,2.0,3.0,2.0,3.0,4.0,2.0,2.0,2.0,3.0,2.0,3.0,3.0,3.0,2.0,2.0,3.0,2.0,3.0,2.0,,1.0,3.0,2.375,1.75,2.6666666666666665,2.625,2.6666666666666665,2.142857142857143
R404,Yes,Yes,Female,35-44,Master's,Merchant bank,Customer Experience/Service,2-5,Yes,3,Yes,Yes,3.0,2.0,3.0,3.0,3.0,4.0,3.0,4.0,4.0,3.0,3.0,4.0,3.0,4.0,3.0,3.0,3.0,3.0,4.0,5.0,4.0,4.0,4.0,4.0,4.0,4.0,4.0,4.0,4.0,3.0,5.0,5.0,4.0,3.0,3.0,3.0,4.0,5.0,3.0,4.0,5.0,4.0,4.0,4.0,4.0,2.0,4.0,4.0,3.0,3.0,4.0,4.0,3.0,3.0,2.0,4.0,2.0,3.2,3.25,4.125,3.888888888888889,4.0,3.5,3.125
R405,Yes,Yes,Male,45-54,Bachelor/HND,Commercial bank,Digital Banking/Product,11-15,Yes,0,No,Yes,4.0,3.0,4.0,3.0,2.0,4.0,1.0,2.0,3.0,3.0,2.0,4.0,3.0,3.0,3.0,3.0,4.0,3.0,4.0,3.0,3.0,5.0,3.0,4.0,3.0,3.0,2.0,3.0,2.0,2.0,3.0,2.0,2.0,,3.0,3.0,3.0,1.0,1.0,2.0,3.0,2.0,2.0,2.0,2.0,3.0,3.0,2.0,2.0,4.0,3.0,4.0,2.0,4.0,2.0,3.0,3.0,2.9,3.125,3.5,2.375,2.125,2.3333333333333335,3.125
R406,Yes,Yes,Female,35-44,Bachelor/HND,Merchant bank,Management/Strategy,11-15,Yes,2,Yes,Yes,1.0,2.0,2.0,1.0,2.0,3.0,2.0,3.0,2.0,2.0,4.0,4.0,5.0,4.0,5.0,4.0,3.0,3.0,4.0,5.0,3.0,4.0,5.0,5.0,4.0,,3.0,3.0,2.0,2.0,3.0,3.0,3.0,4.0,3.0,4.0,4.0,4.0,5.0,5.0,3.0,5.0,3.0,5.0,4.0,4.0,5.0,4.0,4.0,3.0,2.0,2.0,3.0,3.0,3.0,3.0,2.0,2.0,4.0,4.285714285714286,2.888888888888889,4.125,4.333333333333333,2.625
R407,Yes,Yes,Female,25-34,Master's,Fintech/payment provider,Relationship/Marketing,11-15,Yes,1,No,Yes,2.0,3.0,5.0,2.0,2.0,3.0,2.0,4.0,4.0,3.0,2.0,1.0,2.0,2.0,3.0,3.0,2.0,1.0,2.0,2.0,2.0,3.0,3.0,3.0,2.0,2.0,3.0,2.0,3.0,2.0,4.0,2.0,2.0,1.0,2.0,4.0,2.0,3.0,3.0,4.0,2.0,2.0,2.0,3.0,3.0,2.0,4.0,3.0,2.0,4.0,3.0,,3.0,3.0,3.0,4.0,4.0,3.0,2.0,2.375,2.3333333333333335,2.75,2.8333333333333335,3.4285714285714284
R408,Yes,Yes,Male,35-44,Master's,Fintech/payment provider,Other,11-15,Yes,3,Do not know,Yes,1.0,1.0,1.0,1.0,1.0,1.0,1.0,1.0,1.0,1.0,4.0,3.0,5.0,2.0,3.0,3.0,3.0,4.0,3.0,2.0,3.0,4.0,3.0,4.0,3.0,2.0,3.0,2.0,1.0,3.0,3.0,3.0,3.0,2.0,2.0,3.0,2.0,2.0,3.0,3.0,3.0,3.0,1.0,2.0,3.0,3.0,3.0,2.0,3.0,2.0,2.0,2.0,2.0,2.0,1.0,2.0,1.0,1.0,3.375,3.0,2.4444444444444446,2.5,2.6666666666666665,1.75
R409,Yes,Yes,Male,35-44,Diploma/OND/NCE,Microfinance bank,Digital Banking/Product,6-10,Yes,3,Yes,Yes,3.0,3.0,4.0,4.0,4.0,4.0,3.0,4.0,5.0,3.0,5.0,4.0,5.0,4.0,3.0,4.0,5.0,3.0,2.0,2.0,4.0,4.0,3.0,4.0,3.0,2.0,4.0,2.0,3.0,3.0,4.0,4.0,3.0,4.0,4.0,4.0,3.0,3.0,3.0,4.0,3.0,3.0,4.0,3.0,3.0,4.0,3.0,3.0,3.0,4.0,3.0,3.0,4.0,4.0,4.0,3.0,3.0,3.7,4.125,3.0,3.4444444444444446,3.375,3.1666666666666665,3.5
R410,Yes,Yes,Male,45-54,Other,Commercial bank,Data/Analytics/AI,6-10,Yes,2,Yes,Yes,4.0,3.0,4.0,3.0,4.0,4.0,3.0,3.0,4.0,4.0,3.0,3.0,4.0,4.0,3.0,3.0,3.0,,2.0,3.0,3.0,3.0,3.0,3.0,1.0,2.0,3.0,3.0,4.0,3.0,3.0,4.0,3.0,3.0,3.0,1.0,2.0,1.0,1.0,2.0,2.0,3.0,2.0,3.0,4.0,2.0,2.0,4.0,3.0,4.0,3.0,4.0,2.0,2.0,3.0,5.0,3.0,3.6,3.2857142857142856,2.5,3.2222222222222223,1.75,3.0,3.25
R411,Yes,Yes,Female,18-24,Postgraduate Diploma,Insurance/investment/other licensed financial institution,IT/Technology,16 or more,Yes,4,Yes,Yes,3.0,3.0,2.0,3.0,3.0,4.0,3.0,4.0,4.0,4.0,3.0,,4.0,3.0,4.0,2.0,3.0,3.0,2.0,3.0,3.0,3.0,3.0,2.0,2.0,2.0,5.0,4.0,4.0,4.0,4.0,4.0,5.0,3.0,5.0,3.0,3.0,3.0,1.0,,3.0,2.0,3.0,4.0,3.0,3.0,4.0,4.0,5.0,2.0,1.0,2.0,2.0,3.0,2.0,3.0,1.0,3.3,3.142857142857143,2.5,4.222222222222222,2.5714285714285716,3.8333333333333335,2.0
R412,Yes,Yes,Female,25-34,Bachelor/HND,Commercial bank,IT/Technology,2-5,Yes,0,No,Yes,3.0,3.0,4.0,3.0,2.0,2.0,1.0,3.0,2.0,3.0,5.0,3.0,3.0,,3.0,2.0,2.0,3.0,3.0,3.0,1.0,4.0,3.0,2.0,2.0,3.0,3.0,3.0,3.0,2.0,3.0,3.0,4.0,3.0,3.0,3.0,2.0,2.0,2.0,3.0,2.0,3.0,2.0,2.0,2.0,2.0,3.0,3.0,1.0,2.0,3.0,4.0,2.0,4.0,2.0,4.0,3.0,2.6,3.0,2.625,3.0,2.375,2.1666666666666665,3.0
R413,Yes,Yes,Male,25-34,Master's,Merchant bank,Management/Strategy,6-10,Yes,4,No,Yes,3.0,2.0,3.0,1.0,2.0,2.0,1.0,2.0,2.0,3.0,2.0,3.0,4.0,3.0,3.0,4.0,4.0,3.0,3.0,4.0,3.0,5.0,3.0,3.0,4.0,3.0,5.0,4.0,4.0,3.0,4.0,3.0,3.0,4.0,4.0,4.0,2.0,4.0,3.0,2.0,4.0,3.0,2.0,2.0,3.0,3.0,3.0,3.0,4.0,5.0,5.0,5.0,5.0,4.0,4.0,5.0,3.0,2.1,3.25,3.5,3.7777777777777777,3.0,3.0,4.5
R414,Yes,Yes,Female,35-44,Master's,Microfinance bank,Digital Banking/Product,11-15,Yes,2,Yes,Yes,3.0,4.0,3.0,3.0,3.0,3.0,2.0,3.0,4.0,3.0,3.0,4.0,4.0,3.0,3.0,4.0,3.0,4.0,3.0,4.0,4.0,4.0,3.0,5.0,4.0,3.0,2.0,2.0,2.0,2.0,2.0,3.0,2.0,3.0,4.0,4.0,4.0,4.0,3.0,3.0,5.0,4.0,3.0,2.0,3.0,2.0,4.0,4.0,5.0,3.0,1.0,3.0,2.0,3.0,1.0,3.0,3.0,3.1,3.5,3.75,2.4444444444444446,3.75,3.3333333333333335,2.375
R415,Yes,Yes,Female,45-54,Bachelor/HND,Commercial bank,Data/Analytics/AI,Less than 2,Yes,2,Yes,Yes,4.0,3.0,3.0,3.0,3.0,3.0,2.0,4.0,4.0,3.0,3.0,3.0,3.0,1.0,2.0,3.0,3.0,1.0,2.0,4.0,2.0,4.0,2.0,,3.0,2.0,3.0,3.0,2.0,1.0,4.0,2.0,3.0,3.0,4.0,3.0,3.0,3.0,1.0,2.0,2.0,2.0,2.0,2.0,3.0,2.0,3.0,3.0,2.0,1.0,2.0,2.0,3.0,1.0,1.0,2.0,1.0,3.2,2.375,2.7142857142857144,2.7777777777777777,2.25,2.5,1.625
R416,Yes,Yes,Male,18-24,Master's,Commercial bank,Digital Banking/Product,Less than 2,Yes,2,No,Yes,4.0,4.0,5.0,3.0,4.0,4.0,4.0,4.0,3.0,4.0,1.0,4.0,3.0,2.0,3.0,3.0,2.0,3.0,2.0,3.0,1.0,3.0,2.0,1.0,2.0,2.0,4.0,3.0,4.0,3.0,4.0,3.0,3.0,4.0,4.0,2.0,2.0,4.0,2.0,2.0,2.0,3.0,2.0,2.0,4.0,2.0,4.0,2.0,1.0,2.0,1.0,3.0,2.0,2.0,3.0,3.0,2.0,3.9,2.625,2.0,3.5555555555555554,2.375,2.5,2.25
R417,Yes,Yes,Male,35-44,Master's,Microfinance bank,IT/Technology,2-5,Yes,1,No,Yes,2.0,2.0,2.0,,2.0,3.0,1.0,2.0,3.0,3.0,1.0,2.0,4.0,2.0,3.0,2.0,2.0,1.0,2.0,3.0,2.0,4.0,3.0,2.0,2.0,2.0,3.0,2.0,2.0,2.0,2.0,3.0,2.0,2.0,3.0,4.0,2.0,4.0,3.0,3.0,2.0,3.0,2.0,2.0,3.0,3.0,3.0,3.0,3.0,3.0,2.0,2.0,2.0,3.0,3.0,4.0,3.0,2.2222222222222223,2.125,2.5,2.3333333333333335,2.875,2.8333333333333335,2.75
R418,Yes,Yes,Male,45-54,Postgraduate Diploma,Microfinance bank,Customer Experience/Service,Less than 2,Yes,1,Yes,Yes,3.0,3.0,4.0,3.0,4.0,3.0,3.0,3.0,4.0,2.0,4.0,,5.0,3.0,4.0,4.0,4.0,3.0,3.0,3.0,2.0,3.0,3.0,3.0,3.0,3.0,3.0,1.0,3.0,,3.0,3.0,2.0,1.0,2.0,2.0,3.0,2.0,3.0,,3.0,,3.0,3.0,3.0,2.0,3.0,2.0,4.0,5.0,3.0,5.0,4.0,5.0,4.0,5.0,4.0,3.2,3.857142857142857,2.875,2.25,,2.8333333333333335,4.375
R419,Yes,Yes,Female,35-44,Bachelor/HND,Commercial bank,Management/Strategy,11-15,Yes,3,Yes,Yes,4.0,3.0,4.0,,3.0,3.0,3.0,5.0,4.0,2.0,5.0,5.0,4.0,4.0,4.0,4.0,4.0,5.0,4.0,4.0,3.0,4.0,4.0,4.0,4.0,4.0,5.0,4.0,5.0,3.0,5.0,3.0,5.0,4.0,5.0,5.0,4.0,4.0,4.0,4.0,5.0,4.0,3.0,3.0,2.0,2.0,3.0,2.0,3.0,3.0,2.0,3.0,3.0,3.0,2.0,3.0,3.0,3.4444444444444446,4.375,3.875,4.333333333333333,4.125,2.5,2.75
R420,Yes,Yes,Male,25-34,Master's,Digital bank/neobank,Relationship/Marketing,6-10,Yes,1,Yes,Yes,4.0,3.0,3.0,,3.0,4.0,2.0,4.0,2.0,3.0,4.0,2.0,2.0,2.0,2.0,3.0,3.0,2.0,3.0,3.0,1.0,3.0,3.0,3.0,2.0,2.0,4.0,5.0,3.0,3.0,4.0,4.0,3.0,3.0,3.0,2.0,1.0,4.0,2.0,2.0,3.0,2.0,2.0,2.0,3.0,2.0,3.0,2.0,2.0,5.0,4.0,4.0,4.0,4.0,3.0,4.0,3.0,3.111111111111111,2.5,2.5,3.5555555555555554,2.25,2.3333333333333335,3.875
